Charrito_RecoveryLap_Pic_8.jpg,0.71
Charrito_RecoveryLap_Pic_9.jpg,0.68
Charrito_RecoveryLap_Pic_10.jpg,0.68
Charrito_RecoveryLap_Pic_11.jpg,0.68
Charrito_RecoveryLap_Pic_12.jpg,0.68
Charrito_RecoveryLap_Pic_13.jpg,0.68
Charrito_RecoveryLap_Pic_14.jpg,0.68
Charrito_RecoveryLap_Pic_15.jpg,0.68
Charrito_RecoveryLap_Pic_16.jpg,0.68
Charrito_RecoveryLap_Pic_17.jpg,0.68
Charrito_RecoveryLap_Pic_18.jpg,0.68
Charrito_RecoveryLap_Pic_19.jpg,0.68
Charrito_RecoveryLap_Pic_20.jpg,0.68
Charrito_RecoveryLap_Pic_21.jpg,0.68
Charrito_RecoveryLap_Pic_45.jpg,0.68
Charrito_RecoveryLap_Pic_46.jpg,0.68
Charrito_RecoveryLap_Pic_47.jpg,0.68
Charrito_RecoveryLap_Pic_48.jpg,0.68
Charrito_RecoveryLap_Pic_49.jpg,0.68
Charrito_RecoveryLap_Pic_50.jpg,0.68
Charrito_RecoveryLap_Pic_51.jpg,0.68
Charrito_RecoveryLap_Pic_52.jpg,0.68
Charrito_RecoveryLap_Pic_53.jpg,0.68
Charrito_RecoveryLap_Pic_54.jpg,0.68
Charrito_RecoveryLap_Pic_68.jpg,0.68
Charrito_RecoveryLap_Pic_69.jpg,0.68
Charrito_RecoveryLap_Pic_70.jpg,0.68
Charrito_RecoveryLap_Pic_71.jpg,0.68
Charrito_RecoveryLap_Pic_72.jpg,0.68
Charrito_RecoveryLap_Pic_73.jpg,0.68
Charrito_RecoveryLap_Pic_74.jpg,0.68
Charrito_RecoveryLap_Pic_75.jpg,0.68
Charrito_RecoveryLap_Pic_76.jpg,0.68
Charrito_RecoveryLap_Pic_77.jpg,0.68
Charrito_RecoveryLap_Pic_78.jpg,0.68
Charrito_RecoveryLap_Pic_79.jpg,0.68
Charrito_RecoveryLap_Pic_80.jpg,0.68
Charrito_RecoveryLap_Pic_81.jpg,0.68
Charrito_RecoveryLap_Pic_82.jpg,0.68
Charrito_RecoveryLap_Pic_83.jpg,0.68
Charrito_RecoveryLap_Pic_84.jpg,0.68
Charrito_RecoveryLap_Pic_85.jpg,0.68
Charrito_RecoveryLap_Pic_86.jpg,0.68
Charrito_RecoveryLap_Pic_87.jpg,0.68
Charrito_RecoveryLap_Pic_154.jpg,0.8
Charrito_RecoveryLap_Pic_155.jpg,0.8
Charrito_RecoveryLap_Pic_156.jpg,0.8
Charrito_RecoveryLap_Pic_157.jpg,0.8
Charrito_RecoveryLap_Pic_158.jpg,0.8
Charrito_RecoveryLap_Pic_184.jpg,0.66
Charrito_RecoveryLap_Pic_190.jpg,0.76
Charrito_RecoveryLap_Pic_200.jpg,0.7
Charrito_RecoveryLap_Pic_201.jpg,0.7
Charrito_RecoveryLap_Pic_202.jpg,0.7
Charrito_RecoveryLap_Pic_203.jpg,0.7
Charrito_RecoveryLap_Pic_204.jpg,0.7
Charrito_RecoveryLap_Pic_205.jpg,0.7
Charrito_RecoveryLap_Pic_206.jpg,0.7
Charrito_RecoveryLap_Pic_230.jpg,0.76
Charrito_RecoveryLap_Pic_231.jpg,0.8
Charrito_RecoveryLap_Pic_232.jpg,0.8
Charrito_RecoveryLap_Pic_233.jpg,0.8
Charrito_RecoveryLap_Pic_234.jpg,0.8
Charrito_RecoveryLap_Pic_246.jpg,0.8
Charrito_RecoveryLap_Pic_247.jpg,0.8
Charrito_RecoveryLap_Pic_254.jpg,0.66
Charrito_RecoveryLap_Pic_255.jpg,0.66
Charrito_RecoveryLap_Pic_256.jpg,0.66
Charrito_RecoveryLap_Pic_315.jpg,0.76
Charrito_RecoveryLap_Pic_316.jpg,0.76
Charrito_RecoveryLap_Pic_317.jpg,0.76
Charrito_RecoveryLap_Pic_318.jpg,0.76
Charrito_RecoveryLap_Pic_319.jpg,0.76
Charrito_RecoveryLap_Pic_320.jpg,0.76
Charrito_RecoveryLap_Pic_321.jpg,0.76
Charrito_RecoveryLap_Pic_322.jpg,0.76
Charrito_RecoveryLap_Pic_323.jpg,0.76
Charrito_RecoveryLap_Pic_324.jpg,0.76
Charrito_RecoveryLap_Pic_325.jpg,0.76
Charrito_RecoveryLap_Pic_326.jpg,0.76
Charrito_RecoveryLap_Pic_327.jpg,0.76
Charrito_RecoveryLap_Pic_328.jpg,0.76
Charrito_RecoveryLap_Pic_329.jpg,0.76
Charrito_RecoveryLap_Pic_330.jpg,0.76
Charrito_RecoveryLap_Pic_331.jpg,0.76
Charrito_RecoveryLap_Pic_332.jpg,0.76
Charrito_RecoveryLap_Pic_333.jpg,0.76
Charrito_RecoveryLap_Pic_334.jpg,0.76
Charrito_RecoveryLap_Pic_335.jpg,0.76
Charrito_RecoveryLap_Pic_336.jpg,0.76
Charrito_RecoveryLap_Pic_337.jpg,0.76
Charrito_RecoveryLap_Pic_338.jpg,0.76
Charrito_RecoveryLap_Pic_339.jpg,0.76
Charrito_RecoveryLap_Pic_340.jpg,0.76
Charrito_RecoveryLap_Pic_360.jpg,0.7
Charrito_RecoveryLap_Pic_361.jpg,0.68
Charrito_RecoveryLap_Pic_362.jpg,0.66
Charrito_RecoveryLap_Pic_363.jpg,0.66
Charrito_RecoveryLap_Pic_364.jpg,0.66
Charrito_RecoveryLap_Pic_365.jpg,0.66
Charrito_RecoveryLap_Pic_366.jpg,0.66
Charrito_RecoveryLap_Pic_367.jpg,0.66
Charrito_RecoveryLap_Pic_391.jpg,0.7
Charrito_RecoveryLap_Pic_392.jpg,0.66
Charrito_RecoveryLap_Pic_445.jpg,0.76
Charrito_RecoveryLap_Pic_446.jpg,0.76
Charrito_RecoveryLap_Pic_447.jpg,0.76
Charrito_RecoveryLap_Pic_448.jpg,0.76
Charrito_RecoveryLap_Pic_449.jpg,0.76
Charrito_RecoveryLap_Pic_450.jpg,0.76
Charrito_RecoveryLap_Pic_451.jpg,0.76
Charrito_RecoveryLap_Pic_452.jpg,0.76
Charrito_RecoveryLap_Pic_453.jpg,0.76
Charrito_RecoveryLap_Pic_454.jpg,0.76
Charrito_RecoveryLap_Pic_455.jpg,0.76
Charrito_RecoveryLap_Pic_479.jpg,0.76
Charrito_RecoveryLap_Pic_480.jpg,0.76
Charrito_RecoveryLap_Pic_481.jpg,0.76
Charrito_RecoveryLap_Pic_482.jpg,0.76
Charrito_RecoveryLap_Pic_483.jpg,0.76
Charrito_RecoveryLap_Pic_484.jpg,0.76
Charrito_RecoveryLap_Pic_485.jpg,0.76
Charrito_RecoveryLap_Pic_486.jpg,0.76
Charrito_RecoveryLap_Pic_487.jpg,0.76
Charrito_RecoveryLap_Pic_488.jpg,0.76
Charrito_RecoveryLap_Pic_494.jpg,0.6
Charrito_RecoveryLap_Pic_495.jpg,0.6
Charrito_RecoveryLap_Pic_496.jpg,0.6
Charrito_RecoveryLap_Pic_497.jpg,0.6
Charrito_RecoveryLap_Pic_498.jpg,0.6
Charrito_RecoveryLap_Pic_499.jpg,0.6
Charrito_RecoveryLap_Pic_500.jpg,0.6
Charrito_RecoveryLap_Pic_501.jpg,0.6
Charrito_RecoveryLap_Pic_502.jpg,0.6
Charrito_RecoveryLap_Pic_503.jpg,0.6
Charrito_RecoveryLap_Pic_504.jpg,0.6
Charrito_RecoveryLap_Pic_505.jpg,0.6
Charrito_RecoveryLap_Pic_506.jpg,0.6
Charrito_RecoveryLap_Pic_507.jpg,0.6
Charrito_RecoveryLap_Pic_514.jpg,0.78
Charrito_RecoveryLap_Pic_542.jpg,0.71
Charrito_RecoveryLap_Pic_543.jpg,0.71
Charrito_RecoveryLap_Pic_544.jpg,0.71
Charrito_RecoveryLap_Pic_545.jpg,0.71
Charrito_RecoveryLap_Pic_546.jpg,0.71
Charrito_RecoveryLap_Pic_547.jpg,0.71
Charrito_RecoveryLap_Pic_548.jpg,0.71
Charrito_RecoveryLap_Pic_549.jpg,0.71
Charrito_RecoveryLap_Pic_550.jpg,0.71
Charrito_RecoveryLap_Pic_559.jpg,0.76
Charrito_RecoveryLap_Pic_560.jpg,0.76
Charrito_RecoveryLap_Pic_561.jpg,0.76
Charrito_RecoveryLap_Pic_562.jpg,0.76
Charrito_RecoveryLap_Pic_563.jpg,0.76
Charrito_RecoveryLap_Pic_564.jpg,0.76
Charrito_RecoveryLap_Pic_565.jpg,0.74
Charrito_RecoveryLap_Pic_566.jpg,0.74
Charrito_RecoveryLap_Pic_567.jpg,0.73
Charrito_RecoveryLap_Pic_568.jpg,0.73
Charrito_RecoveryLap_Pic_569.jpg,0.73
Charrito_RecoveryLap_Pic_570.jpg,0.73
Charrito_RecoveryLap_Pic_571.jpg,0.73
Charrito_RecoveryLap_Pic_572.jpg,0.73
Charrito_RecoveryLap_Pic_582.jpg,0.6
Charrito_RecoveryLap_Pic_583.jpg,0.6
Charrito_RecoveryLap_Pic_602.jpg,0.7
Charrito_RecoveryLap_Pic_603.jpg,0.7
Charrito_RecoveryLap_Pic_604.jpg,0.7
Charrito_RecoveryLap_Pic_605.jpg,0.7
Charrito_RecoveryLap_Pic_606.jpg,0.7
Charrito_RecoveryLap_Pic_607.jpg,0.7
Charrito_RecoveryLap_Pic_608.jpg,0.7
Charrito_RecoveryLap_Pic_609.jpg,0.7
Charrito_RecoveryLap_Pic_610.jpg,0.7
Charrito_RecoveryLap_Pic_611.jpg,0.66
Charrito_RecoveryLap_Pic_612.jpg,0.66
Charrito_RecoveryLap_Pic_613.jpg,0.66
Charrito_RecoveryLap_Pic_614.jpg,0.66
Charrito_RecoveryLap_Pic_615.jpg,0.7
Charrito_RecoveryLap_Pic_616.jpg,0.7
Charrito_RecoveryLap_Pic_617.jpg,0.67
Charrito_RecoveryLap_Pic_618.jpg,0.66
Charrito_RecoveryLap_Pic_619.jpg,0.66
Charrito_RecoveryLap_Pic_620.jpg,0.66
Charrito_RecoveryLap_Pic_621.jpg,0.66
Charrito_RecoveryLap_Pic_622.jpg,0.66
Charrito_RecoveryLap_Pic_623.jpg,0.66
Charrito_RecoveryLap_Pic_624.jpg,0.66
Charrito_RecoveryLap_Pic_625.jpg,0.66
Charrito_RecoveryLap_Pic_626.jpg,0.66
Charrito_RecoveryLap_Pic_627.jpg,0.66
Charrito_RecoveryLap_Pic_628.jpg,0.66
Charrito_RecoveryLap_Pic_629.jpg,0.66
Charrito_RecoveryLap_Pic_630.jpg,0.66
Charrito_RecoveryLap_Pic_631.jpg,0.66
Charrito_RecoveryLap_Pic_632.jpg,0.66
Charrito_RecoveryLap_Pic_633.jpg,0.66
Charrito_RecoveryLap_Pic_634.jpg,0.66
Charrito_RecoveryLap_Pic_635.jpg,0.66
Charrito_RecoveryLap_Pic_636.jpg,0.66
Charrito_RecoveryLap_Pic_676.jpg,0.66
Charrito_RecoveryLap_Pic_677.jpg,0.66
Charrito_RecoveryLap_Pic_678.jpg,0.66
Charrito_RecoveryLap_Pic_679.jpg,0.66
Charrito_RecoveryLap_Pic_680.jpg,0.66
Charrito_RecoveryLap_Pic_681.jpg,0.66
Charrito_RecoveryLap_Pic_682.jpg,0.66
Charrito_RecoveryLap_Pic_683.jpg,0.66
Charrito_RecoveryLap_Pic_684.jpg,0.66
Charrito_RecoveryLap_Pic_685.jpg,0.66
Charrito_RecoveryLap_Pic_686.jpg,0.66
Charrito_RecoveryLap_Pic_687.jpg,0.66
Charrito_RecoveryLap_Pic_688.jpg,0.66
Charrito_RecoveryLap_Pic_689.jpg,0.66
Charrito_RecoveryLap_Pic_690.jpg,0.66
Charrito_RecoveryLap_Pic_691.jpg,0.66
Charrito_RecoveryLap_Pic_692.jpg,0.66
Charrito_RecoveryLap_Pic_693.jpg,0.66
Charrito_RecoveryLap_Pic_694.jpg,0.66
Charrito_RecoveryLap_Pic_695.jpg,0.66
Charrito_RecoveryLap_Pic_696.jpg,0.66
Charrito_RecoveryLap_Pic_697.jpg,0.66
Charrito_RecoveryLap_Pic_698.jpg,0.66
Charrito_RecoveryLap_Pic_699.jpg,0.66
Charrito_RecoveryLap_Pic_700.jpg,0.7
Charrito_RecoveryLap_Pic_710.jpg,0.8
Charrito_RecoveryLap_Pic_711.jpg,0.8
Charrito_RecoveryLap_Pic_712.jpg,0.8
Charrito_RecoveryLap_Pic_713.jpg,0.8
Charrito_RecoveryLap_Pic_714.jpg,0.8
Charrito_RecoveryLap_Pic_715.jpg,0.8
Charrito_RecoveryLap_Pic_716.jpg,0.8
Charrito_RecoveryLap_Pic_717.jpg,0.8
Charrito_RecoveryLap_Pic_718.jpg,0.8
Charrito_RecoveryLap_Pic_719.jpg,0.8
Charrito_RecoveryLap_Pic_720.jpg,0.8
Charrito_RecoveryLap_Pic_721.jpg,0.8
Charrito_RecoveryLap_Pic_722.jpg,0.8
Charrito_RecoveryLap_Pic_723.jpg,0.8
Charrito_RecoveryLap_Pic_724.jpg,0.8
Charrito_RecoveryLap_Pic_725.jpg,0.8
Charrito_RecoveryLap_Pic_726.jpg,0.8
Charrito_RecoveryLap_Pic_727.jpg,0.8
Charrito_RecoveryLap_Pic_728.jpg,0.8
Charrito_RecoveryLap_Pic_729.jpg,0.8
Charrito_RecoveryLap_Pic_730.jpg,0.8
Charrito_RecoveryLap_Pic_731.jpg,0.8
Charrito_RecoveryLap_Pic_732.jpg,0.8
Charrito_RecoveryLap_Pic_733.jpg,0.8
Charrito_RecoveryLap_Pic_765.jpg,0.7
Charrito_RecoveryLap_Pic_766.jpg,0.7
Charrito_RecoveryLap_Pic_767.jpg,0.7
Charrito_RecoveryLap_Pic_768.jpg,0.7
Charrito_RecoveryLap_Pic_769.jpg,0.7
Charrito_RecoveryLap_Pic_770.jpg,0.7
Charrito_RecoveryLap_Pic_787.jpg,0.7
Charrito_RecoveryLap_Pic_788.jpg,0.7
Charrito_RecoveryLap_Pic_789.jpg,0.7
Charrito_RecoveryLap_Pic_790.jpg,0.7
Charrito_RecoveryLap_Pic_791.jpg,0.7
Charrito_RecoveryLap_Pic_792.jpg,0.7
Charrito_RecoveryLap_Pic_793.jpg,0.7
Charrito_RecoveryLap_Pic_794.jpg,0.7
Charrito_RecoveryLap_Pic_795.jpg,0.7
Charrito_RecoveryLap_Pic_796.jpg,0.7
Charrito_RecoveryLap_Pic_797.jpg,0.7
Charrito_RecoveryLap_Pic_798.jpg,0.7
Charrito_RecoveryLap_Pic_799.jpg,0.7
Charrito_RecoveryLap_Pic_800.jpg,0.7
Charrito_RecoveryLap_Pic_801.jpg,0.7
Charrito_RecoveryLap_Pic_802.jpg,0.7
Charrito_RecoveryLap_Pic_803.jpg,0.7
Charrito_RecoveryLap_Pic_804.jpg,0.7
Charrito_RecoveryLap_Pic_805.jpg,0.7
Charrito_RecoveryLap_Pic_806.jpg,0.7
Charrito_RecoveryLap_Pic_814.jpg,0.7
Charrito_RecoveryLap_Pic_815.jpg,0.71
Charrito_RecoveryLap_Pic_816.jpg,0.72
Charrito_RecoveryLap_Pic_817.jpg,0.73
Charrito_RecoveryLap_Pic_818.jpg,0.74
Charrito_RecoveryLap_Pic_819.jpg,0.75
Charrito_RecoveryLap_Pic_820.jpg,0.76
Charrito_RecoveryLap_Pic_821.jpg,0.77
Charrito_RecoveryLap_Pic_822.jpg,0.78
Charrito_RecoveryLap_Pic_823.jpg,0.77
Charrito_RecoveryLap_Pic_824.jpg,0.76
Charrito_RecoveryLap_Pic_825.jpg,0.76
Charrito_RecoveryLap_Pic_826.jpg,0.76
Charrito_RecoveryLap_Pic_827.jpg,0.76
Charrito_RecoveryLap_Pic_828.jpg,0.75
Charrito_RecoveryLap_Pic_829.jpg,0.75
Charrito_RecoveryLap_Pic_830.jpg,0.74
Charrito_RecoveryLap_Pic_831.jpg,0.74
Charrito_RecoveryLap_Pic_832.jpg,0.73
Charrito_RecoveryLap_Pic_833.jpg,0.73
Charrito_RecoveryLap_Pic_834.jpg,0.72
Charrito_RecoveryLap_Pic_835.jpg,0.7
Charrito_RecoveryLap_Pic_836.jpg,0.66
Charrito_RecoveryLap_Pic_837.jpg,0.7
Charrito_RecoveryLap_Pic_838.jpg,0.7
Charrito_RecoveryLap_Pic_868.jpg,0.75
Charrito_RecoveryLap_Pic_869.jpg,0.75
Charrito_RecoveryLap_Pic_870.jpg,0.75
Charrito_RecoveryLap_Pic_871.jpg,0.75
Charrito_RecoveryLap_Pic_872.jpg,0.75
Charrito_RecoveryLap_Pic_873.jpg,0.75
Charrito_RecoveryLap_Pic_874.jpg,0.75
Charrito_RecoveryLap_Pic_875.jpg,0.8
Charrito_RecoveryLap_Pic_876.jpg,0.8
Charrito_RecoveryLap_Pic_877.jpg,0.8
Charrito_RecoveryLap_Pic_878.jpg,0.8
Charrito_RecoveryLap_Pic_879.jpg,0.8
Charrito_RecoveryLap_Pic_880.jpg,0.8
Charrito_RecoveryLap_Pic_881.jpg,0.8
Charrito_RecoveryLap_Pic_882.jpg,0.8
Charrito_RecoveryLap_Pic_883.jpg,0.8
Charrito_RecoveryLap_Pic_884.jpg,0.8
Charrito_RecoveryLap_Pic_885.jpg,0.8
Charrito_RecoveryLap_Pic_886.jpg,0.8
Charrito_RecoveryLap_Pic_887.jpg,0.8
Charrito_RecoveryLap_Pic_888.jpg,0.8
Charrito_RecoveryLap_Pic_889.jpg,0.8
Charrito_RecoveryLap_Pic_890.jpg,0.8
Charrito_RecoveryLap_Pic_891.jpg,0.8
Charrito_RecoveryLap_Pic_892.jpg,0.8
Charrito_RecoveryLap_Pic_893.jpg,0.8
Charrito_RecoveryLap_Pic_894.jpg,0.8
Charrito_RecoveryLap_Pic_895.jpg,0.8
Charrito_RecoveryLap_Pic_896.jpg,0.8
Charrito_RecoveryLap_Pic_897.jpg,0.8
Charrito_RecoveryLap_Pic_898.jpg,0.8
Charrito_RecoveryLap_Pic_899.jpg,0.8
Charrito_RecoveryLap_Pic_900.jpg,0.8
Charrito_RecoveryLap_Pic_901.jpg,0.8
Charrito_RecoveryLap_Pic_902.jpg,0.8
Charrito_RecoveryLap_Pic_903.jpg,0.8
Charrito_RecoveryLap_Pic_904.jpg,0.8
Charrito_RecoveryLap_Pic_906.jpg,0.7
Charrito_RecoveryLap_Pic_907.jpg,0.66
Charrito_RecoveryLap_Pic_908.jpg,0.66
Charrito_RecoveryLap_Pic_909.jpg,0.66
Charrito_RecoveryLap_Pic_910.jpg,0.66
Charrito_RecoveryLap_Pic_911.jpg,0.66
Charrito_RecoveryLap_Pic_912.jpg,0.66
Charrito_RecoveryLap_Pic_913.jpg,0.66
Charrito_RecoveryLap_Pic_914.jpg,0.66
Charrito_RecoveryLap_Pic_915.jpg,0.66
Charrito_RecoveryLap_Pic_916.jpg,0.66
Charrito_RecoveryLap_Pic_917.jpg,0.66
Charrito_RecoveryLap_Pic_918.jpg,0.66
Charrito_RecoveryLap_Pic_919.jpg,0.66
Charrito_RecoveryLap_Pic_920.jpg,0.66
Charrito_RecoveryLap_Pic_921.jpg,0.66
Charrito_RecoveryLap_Pic_922.jpg,0.66
Charrito_RecoveryLap_Pic_923.jpg,0.66
Charrito_RecoveryLap_Pic_924.jpg,0.66
Charrito_RecoveryLap_Pic_925.jpg,0.66
Charrito_RecoveryLap_Pic_926.jpg,0.66
Charrito_RecoveryLap_Pic_927.jpg,0.66
Charrito_RecoveryLap_Pic_928.jpg,0.66
Charrito_RecoveryLap_Pic_929.jpg,0.66
Charrito_RecoveryLap_Pic_930.jpg,0.66
Charrito_RecoveryLap_Pic_931.jpg,0.66
Charrito_RecoveryLap_Pic_932.jpg,0.66
Charrito_RecoveryLap_Pic_933.jpg,0.66
Charrito_RecoveryLap_Pic_940.jpg,0.8
Charrito_RecoveryLap_Pic_941.jpg,0.8
Charrito_RecoveryLap_Pic_942.jpg,0.8
Charrito_RecoveryLap_Pic_943.jpg,0.8
Charrito_RecoveryLap_Pic_944.jpg,0.8
Charrito_RecoveryLap_Pic_945.jpg,0.8
Charrito_RecoveryLap_Pic_946.jpg,0.8
Charrito_RecoveryLap_Pic_947.jpg,0.8
Charrito_RecoveryLap_Pic_948.jpg,0.8
Charrito_RecoveryLap_Pic_949.jpg,0.8
Charrito_RecoveryLap_Pic_950.jpg,0.8
Charrito_RecoveryLap_Pic_951.jpg,0.8
Charrito_RecoveryLap_Pic_952.jpg,0.8
Charrito_RecoveryLap_Pic_953.jpg,0.8
Charrito_RecoveryLap_Pic_954.jpg,0.8
Charrito_RecoveryLap_Pic_955.jpg,0.8
Charrito_RecoveryLap_Pic_956.jpg,0.8
Charrito_RecoveryLap_Pic_957.jpg,0.8
Charrito_RecoveryLap_Pic_958.jpg,0.8
Charrito_RecoveryLap_Pic_959.jpg,0.8
Charrito_RecoveryLap_Pic_960.jpg,0.8
Charrito_RecoveryLap_Pic_961.jpg,0.8
Charrito_RecoveryLap_Pic_962.jpg,0.8
Charrito_RecoveryLap_Pic_963.jpg,0.8
Charrito_RecoveryLap_Pic_964.jpg,0.8
Charrito_RecoveryLap_Pic_965.jpg,0.8
Charrito_RecoveryLap_Pic_966.jpg,0.8
Charrito_RecoveryLap_Pic_967.jpg,0.8
Charrito_RecoveryLap_Pic_968.jpg,0.8
Charrito_RecoveryLap_Pic_969.jpg,0.8
Charrito_RecoveryLap_Pic_970.jpg,0.8
Charrito_RecoveryLap_Pic_971.jpg,0.8
Charrito_RecoveryLap_Pic_972.jpg,0.8
Charrito_RecoveryLap_Pic_973.jpg,0.8
Charrito_RecoveryLap_Pic_974.jpg,0.8
Charrito_RecoveryLap_Pic_975.jpg,0.8
Charrito_RecoveryLap_Pic_976.jpg,0.8
Charrito_RecoveryLap_Pic_977.jpg,0.8
Charrito_RecoveryLap_Pic_978.jpg,0.8
Charrito_RecoveryLap_Pic_979.jpg,0.8
Charrito_RecoveryLap_Pic_980.jpg,0.8
Charrito_RecoveryLap_Pic_981.jpg,0.8
Charrito_RecoveryLap_Pic_982.jpg,0.8
Charrito_RecoveryLap_Pic_986.jpg,0.7
Charrito_RecoveryLap_Pic_987.jpg,0.68
Charrito_RecoveryLap_Pic_988.jpg,0.66
Charrito_RecoveryLap_Pic_989.jpg,0.66
Charrito_RecoveryLap_Pic_990.jpg,0.66
Charrito_RecoveryLap_Pic_991.jpg,0.66
Charrito_RecoveryLap_Pic_992.jpg,0.66
Charrito_RecoveryLap_Pic_993.jpg,0.66
Charrito_RecoveryLap_Pic_994.jpg,0.66
Charrito_RecoveryLap_Pic_995.jpg,0.66
Charrito_RecoveryLap_Pic_996.jpg,0.66
Charrito_RecoveryLap_Pic_997.jpg,0.66
Charrito_RecoveryLap_Pic_998.jpg,0.66
Charrito_RecoveryLap_Pic_999.jpg,0.66
Charrito_RecoveryLap_Pic_1000.jpg,0.66
Charrito_RecoveryLap_Pic_1001.jpg,0.66
Charrito_RecoveryLap_Pic_1002.jpg,0.66
Charrito_RecoveryLap_Pic_1003.jpg,0.66
Charrito_RecoveryLap_Pic_1004.jpg,0.66
Charrito_RecoveryLap_Pic_1005.jpg,0.66
Charrito_RecoveryLap_Pic_1006.jpg,0.66
Charrito_RecoveryLap_Pic_1007.jpg,0.66
Charrito_RecoveryLap_Pic_1008.jpg,0.66
Charrito_RecoveryLap_Pic_1009.jpg,0.66
Charrito_RecoveryLap_Pic_1010.jpg,0.66
Charrito_RecoveryLap_Pic_1011.jpg,0.66
Charrito_RecoveryLap_Pic_1012.jpg,0.66
Charrito_RecoveryLap_Pic_1013.jpg,0.66
Charrito_RecoveryLap_Pic_1014.jpg,0.66
Charrito_RecoveryLap_Pic_1015.jpg,0.66
Charrito_RecoveryLap_Pic_1016.jpg,0.66
Charrito_RecoveryLap_Pic_1017.jpg,0.66
Charrito_RecoveryLap_Pic_1018.jpg,0.66
Charrito_RecoveryLap_Pic_1019.jpg,0.66
Charrito_RecoveryLap_Pic_1020.jpg,0.66
Charrito_RecoveryLap_Pic_1021.jpg,0.66
Charrito_RecoveryLap_Pic_1022.jpg,0.66
Charrito_RecoveryLap_Pic_1023.jpg,0.66
Charrito_RecoveryLap_Pic_1024.jpg,0.66
Charrito_RecoveryLap_Pic_1025.jpg,0.66
Charrito_RecoveryLap_Pic_1026.jpg,0.66
Charrito_RecoveryLap_Pic_1027.jpg,0.66
Charrito_RecoveryLap_Pic_1028.jpg,0.66
Charrito_RecoveryLap_Pic_1029.jpg,0.66
Charrito_RecoveryLap_Pic_1030.jpg,0.66
Charrito_RecoveryLap_Pic_1031.jpg,0.66
Charrito_RecoveryLap_Pic_1032.jpg,0.66
Charrito_RecoveryLap_Pic_1033.jpg,0.66
Charrito_RecoveryLap_Pic_1034.jpg,0.66
Charrito_RecoveryLap_Pic_1035.jpg,0.66
Charrito_RecoveryLap_Pic_1036.jpg,0.66
Charrito_RecoveryLap_Pic_1037.jpg,0.66
Charrito_RecoveryLap_Pic_1038.jpg,0.66
Charrito_RecoveryLap_Pic_1039.jpg,0.66
Charrito_RecoveryLap_Pic_1040.jpg,0.66
Charrito_RecoveryLap_Pic_1041.jpg,0.66
Charrito_RecoveryLap_Pic_1042.jpg,0.66
Charrito_RecoveryLap_Pic_1043.jpg,0.66
Charrito_RecoveryLap_Pic_1044.jpg,0.66
Charrito_RecoveryLap_Pic_1045.jpg,0.66
Charrito_RecoveryLap_Pic_1046.jpg,0.66
Charrito_RecoveryLap_Pic_1047.jpg,0.66
Charrito_RecoveryLap_Pic_1048.jpg,0.66
Charrito_RecoveryLap_Pic_1049.jpg,0.66
Charrito_RecoveryLap_Pic_1050.jpg,0.66
Charrito_RecoveryLap_Pic_1051.jpg,0.66
Charrito_RecoveryLap_Pic_1096.jpg,0.66
Charrito_RecoveryLap_Pic_1097.jpg,0.66
Charrito_RecoveryLap_Pic_1098.jpg,0.66
Charrito_RecoveryLap_Pic_1099.jpg,0.66
Charrito_RecoveryLap_Pic_1100.jpg,0.66
Charrito_RecoveryLap_Pic_1101.jpg,0.66
Charrito_RecoveryLap_Pic_1102.jpg,0.66
Charrito_RecoveryLap_Pic_1103.jpg,0.66
Charrito_RecoveryLap_Pic_1104.jpg,0.66
Charrito_RecoveryLap_Pic_1105.jpg,0.66
Charrito_RecoveryLap_Pic_1106.jpg,0.66
Charrito_RecoveryLap_Pic_1107.jpg,0.66
Charrito_RecoveryLap_Pic_1108.jpg,0.66
Charrito_RecoveryLap_Pic_1109.jpg,0.66
Charrito_RecoveryLap_Pic_1110.jpg,0.66
Charrito_RecoveryLap_Pic_1111.jpg,0.66
Charrito_RecoveryLap_Pic_1112.jpg,0.66
Charrito_RecoveryLap_Pic_1113.jpg,0.66
Charrito_RecoveryLap_Pic_1114.jpg,0.66
Charrito_RecoveryLap_Pic_1115.jpg,0.66
Charrito_RecoveryLap_Pic_1116.jpg,0.66
