CharritoPic_Log17_1.jpg,0.74
CharritoPic_Log17_2.jpg,0.74
CharritoPic_Log17_3.jpg,0.74
CharritoPic_Log17_4.jpg,0.74
CharritoPic_Log17_5.jpg,0.72
CharritoPic_Log17_6.jpg,0.72
CharritoPic_Log17_7.jpg,0.72
CharritoPic_Log17_8.jpg,0.72
CharritoPic_Log17_9.jpg,0.72
CharritoPic_Log17_10.jpg,0.72
CharritoPic_Log17_11.jpg,0.72
CharritoPic_Log17_12.jpg,0.7
CharritoPic_Log17_13.jpg,0.7
CharritoPic_Log17_14.jpg,0.7
CharritoPic_Log17_15.jpg,0.7
CharritoPic_Log17_16.jpg,0.7
CharritoPic_Log17_17.jpg,0.72
CharritoPic_Log17_18.jpg,0.72
CharritoPic_Log17_19.jpg,0.72
CharritoPic_Log17_20.jpg,0.72
CharritoPic_Log17_21.jpg,0.72
CharritoPic_Log17_22.jpg,0.72
CharritoPic_Log17_23.jpg,0.72
CharritoPic_Log17_24.jpg,0.72
CharritoPic_Log17_25.jpg,0.72
CharritoPic_Log17_26.jpg,0.72
CharritoPic_Log17_27.jpg,0.74
CharritoPic_Log17_28.jpg,0.74
CharritoPic_Log17_29.jpg,0.74
CharritoPic_Log17_30.jpg,0.74
CharritoPic_Log17_31.jpg,0.74
CharritoPic_Log17_32.jpg,0.72
CharritoPic_Log17_33.jpg,0.7
CharritoPic_Log17_34.jpg,0.7
CharritoPic_Log17_35.jpg,0.72
CharritoPic_Log17_36.jpg,0.74
CharritoPic_Log17_37.jpg,0.74
CharritoPic_Log17_38.jpg,0.72
CharritoPic_Log17_39.jpg,0.72
CharritoPic_Log17_40.jpg,0.72
CharritoPic_Log17_41.jpg,0.72
CharritoPic_Log17_42.jpg,0.72
CharritoPic_Log17_43.jpg,0.72
CharritoPic_Log17_44.jpg,0.72
CharritoPic_Log17_45.jpg,0.74
CharritoPic_Log17_46.jpg,0.74
CharritoPic_Log17_47.jpg,0.74
CharritoPic_Log17_48.jpg,0.72
CharritoPic_Log17_49.jpg,0.72
CharritoPic_Log17_50.jpg,0.72
CharritoPic_Log17_51.jpg,0.7
CharritoPic_Log17_52.jpg,0.7
CharritoPic_Log17_53.jpg,0.7
CharritoPic_Log17_54.jpg,0.7
CharritoPic_Log17_55.jpg,0.72
CharritoPic_Log17_56.jpg,0.72
CharritoPic_Log17_57.jpg,0.72
CharritoPic_Log17_58.jpg,0.72
CharritoPic_Log17_59.jpg,0.72
CharritoPic_Log17_60.jpg,0.72
CharritoPic_Log17_61.jpg,0.72
CharritoPic_Log17_62.jpg,0.74
CharritoPic_Log17_63.jpg,0.74
CharritoPic_Log17_64.jpg,0.74
CharritoPic_Log17_65.jpg,0.72
CharritoPic_Log17_66.jpg,0.72
CharritoPic_Log17_67.jpg,0.7
CharritoPic_Log17_68.jpg,0.7
CharritoPic_Log17_69.jpg,0.72
CharritoPic_Log17_70.jpg,0.74
CharritoPic_Log17_71.jpg,0.74
CharritoPic_Log17_72.jpg,0.74
CharritoPic_Log17_73.jpg,0.74
CharritoPic_Log17_74.jpg,0.72
CharritoPic_Log17_75.jpg,0.72
CharritoPic_Log17_76.jpg,0.72
CharritoPic_Log17_77.jpg,0.72
CharritoPic_Log17_78.jpg,0.72
CharritoPic_Log17_79.jpg,0.72
CharritoPic_Log17_80.jpg,0.74
CharritoPic_Log17_81.jpg,0.74
CharritoPic_Log17_82.jpg,0.74
CharritoPic_Log17_83.jpg,0.72
CharritoPic_Log17_84.jpg,0.72
CharritoPic_Log17_85.jpg,0.72
CharritoPic_Log17_86.jpg,0.72
CharritoPic_Log17_87.jpg,0.7
CharritoPic_Log17_88.jpg,0.72
CharritoPic_Log17_89.jpg,0.72
CharritoPic_Log17_90.jpg,0.74
CharritoPic_Log17_91.jpg,0.74
CharritoPic_Log17_92.jpg,0.74
CharritoPic_Log17_93.jpg,0.72
CharritoPic_Log17_94.jpg,0.72
CharritoPic_Log17_95.jpg,0.72
CharritoPic_Log17_96.jpg,0.72
CharritoPic_Log17_97.jpg,0.72
CharritoPic_Log17_98.jpg,0.7
CharritoPic_Log17_99.jpg,0.72
CharritoPic_Log17_100.jpg,0.72
CharritoPic_Log17_101.jpg,0.72
CharritoPic_Log17_102.jpg,0.72
CharritoPic_Log17_103.jpg,0.72
CharritoPic_Log17_104.jpg,0.72
CharritoPic_Log17_105.jpg,0.72
CharritoPic_Log17_106.jpg,0.72
CharritoPic_Log17_107.jpg,0.72
CharritoPic_Log17_108.jpg,0.72
CharritoPic_Log17_109.jpg,0.72
CharritoPic_Log17_110.jpg,0.72
CharritoPic_Log17_111.jpg,0.72
CharritoPic_Log17_112.jpg,0.72
CharritoPic_Log17_113.jpg,0.74
CharritoPic_Log17_114.jpg,0.74
CharritoPic_Log17_115.jpg,0.72
CharritoPic_Log17_116.jpg,0.72
CharritoPic_Log17_117.jpg,0.72
CharritoPic_Log17_118.jpg,0.72
CharritoPic_Log17_119.jpg,0.72
CharritoPic_Log17_120.jpg,0.72
CharritoPic_Log17_121.jpg,0.7
CharritoPic_Log17_122.jpg,0.7
CharritoPic_Log17_123.jpg,0.72
CharritoPic_Log17_124.jpg,0.72
CharritoPic_Log17_125.jpg,0.74
CharritoPic_Log17_126.jpg,0.74
CharritoPic_Log17_127.jpg,0.74
CharritoPic_Log17_128.jpg,0.72
CharritoPic_Log17_129.jpg,0.72
CharritoPic_Log17_130.jpg,0.7
CharritoPic_Log17_131.jpg,0.7
CharritoPic_Log17_132.jpg,0.7
CharritoPic_Log17_133.jpg,0.7
CharritoPic_Log17_134.jpg,0.7
CharritoPic_Log17_135.jpg,0.7
CharritoPic_Log17_136.jpg,0.72
CharritoPic_Log17_137.jpg,0.72
CharritoPic_Log17_138.jpg,0.72
CharritoPic_Log17_139.jpg,0.72
CharritoPic_Log17_140.jpg,0.72
CharritoPic_Log17_141.jpg,0.72
CharritoPic_Log17_142.jpg,0.74
CharritoPic_Log17_143.jpg,0.74
CharritoPic_Log17_144.jpg,0.74
CharritoPic_Log17_145.jpg,0.74
CharritoPic_Log17_146.jpg,0.74
CharritoPic_Log17_147.jpg,0.74
CharritoPic_Log17_148.jpg,0.74
CharritoPic_Log17_149.jpg,0.74
CharritoPic_Log17_150.jpg,0.74
CharritoPic_Log17_151.jpg,0.74
CharritoPic_Log17_152.jpg,0.72
CharritoPic_Log17_153.jpg,0.72
CharritoPic_Log17_154.jpg,0.7
CharritoPic_Log17_155.jpg,0.7
CharritoPic_Log17_156.jpg,0.7
CharritoPic_Log17_157.jpg,0.7
CharritoPic_Log17_158.jpg,0.72
CharritoPic_Log17_159.jpg,0.72
CharritoPic_Log17_160.jpg,0.74
CharritoPic_Log17_161.jpg,0.74
CharritoPic_Log17_162.jpg,0.74
CharritoPic_Log17_163.jpg,0.74
CharritoPic_Log17_164.jpg,0.72
CharritoPic_Log17_165.jpg,0.72
CharritoPic_Log17_166.jpg,0.72
CharritoPic_Log17_167.jpg,0.72
CharritoPic_Log17_168.jpg,0.72
CharritoPic_Log17_169.jpg,0.72
CharritoPic_Log17_170.jpg,0.72
CharritoPic_Log17_171.jpg,0.72
CharritoPic_Log17_172.jpg,0.72
CharritoPic_Log17_173.jpg,0.72
CharritoPic_Log17_174.jpg,0.72
CharritoPic_Log17_175.jpg,0.72
CharritoPic_Log17_176.jpg,0.72
CharritoPic_Log17_177.jpg,0.72
CharritoPic_Log17_178.jpg,0.72
CharritoPic_Log17_179.jpg,0.72
CharritoPic_Log17_180.jpg,0.72
CharritoPic_Log17_181.jpg,0.72
CharritoPic_Log17_182.jpg,0.74
CharritoPic_Log17_183.jpg,0.74
CharritoPic_Log17_184.jpg,0.74
CharritoPic_Log17_185.jpg,0.74
CharritoPic_Log17_186.jpg,0.72
CharritoPic_Log17_187.jpg,0.72
CharritoPic_Log17_188.jpg,0.72
CharritoPic_Log17_189.jpg,0.72
CharritoPic_Log17_190.jpg,0.72
CharritoPic_Log17_191.jpg,0.72
CharritoPic_Log17_192.jpg,0.7
CharritoPic_Log17_193.jpg,0.7
CharritoPic_Log17_194.jpg,0.72
CharritoPic_Log17_195.jpg,0.72
CharritoPic_Log17_196.jpg,0.72
CharritoPic_Log17_197.jpg,0.74
CharritoPic_Log17_198.jpg,0.74
CharritoPic_Log17_199.jpg,0.74
CharritoPic_Log17_200.jpg,0.74
CharritoPic_Log17_201.jpg,0.74
CharritoPic_Log17_202.jpg,0.74
CharritoPic_Log17_203.jpg,0.72
CharritoPic_Log17_204.jpg,0.72
CharritoPic_Log17_205.jpg,0.72
CharritoPic_Log17_206.jpg,0.72
CharritoPic_Log17_207.jpg,0.72
CharritoPic_Log17_208.jpg,0.72
CharritoPic_Log17_209.jpg,0.72
CharritoPic_Log17_210.jpg,0.72
CharritoPic_Log17_211.jpg,0.72
CharritoPic_Log17_212.jpg,0.72
CharritoPic_Log17_213.jpg,0.72
CharritoPic_Log17_214.jpg,0.72
CharritoPic_Log17_215.jpg,0.72
CharritoPic_Log17_216.jpg,0.72
CharritoPic_Log17_217.jpg,0.72
CharritoPic_Log17_218.jpg,0.72
CharritoPic_Log17_219.jpg,0.72
CharritoPic_Log17_220.jpg,0.72
CharritoPic_Log17_221.jpg,0.72
CharritoPic_Log17_222.jpg,0.72
CharritoPic_Log17_223.jpg,0.72
CharritoPic_Log17_224.jpg,0.7
CharritoPic_Log17_225.jpg,0.7
CharritoPic_Log17_226.jpg,0.72
CharritoPic_Log17_227.jpg,0.72
CharritoPic_Log17_228.jpg,0.72
CharritoPic_Log17_229.jpg,0.72
CharritoPic_Log17_230.jpg,0.72
CharritoPic_Log17_231.jpg,0.74
CharritoPic_Log17_232.jpg,0.74
CharritoPic_Log17_233.jpg,0.74
CharritoPic_Log17_234.jpg,0.72
CharritoPic_Log17_235.jpg,0.72
CharritoPic_Log17_236.jpg,0.72
CharritoPic_Log17_237.jpg,0.72
CharritoPic_Log17_238.jpg,0.72
CharritoPic_Log17_239.jpg,0.72
CharritoPic_Log17_240.jpg,0.72
CharritoPic_Log17_241.jpg,0.74
CharritoPic_Log17_242.jpg,0.74
CharritoPic_Log17_243.jpg,0.74
CharritoPic_Log17_244.jpg,0.74
CharritoPic_Log17_245.jpg,0.74
CharritoPic_Log17_246.jpg,0.72
CharritoPic_Log17_247.jpg,0.72
CharritoPic_Log17_248.jpg,0.72
CharritoPic_Log17_249.jpg,0.72
CharritoPic_Log17_250.jpg,0.72
CharritoPic_Log17_251.jpg,0.72
CharritoPic_Log17_252.jpg,0.72
CharritoPic_Log17_253.jpg,0.72
CharritoPic_Log17_254.jpg,0.72
CharritoPic_Log17_255.jpg,0.72
CharritoPic_Log17_256.jpg,0.72
CharritoPic_Log17_257.jpg,0.72
CharritoPic_Log17_258.jpg,0.72
CharritoPic_Log17_259.jpg,0.72
CharritoPic_Log17_260.jpg,0.72
CharritoPic_Log17_261.jpg,0.74
CharritoPic_Log17_262.jpg,0.74
CharritoPic_Log17_263.jpg,0.72
CharritoPic_Log17_264.jpg,0.72
CharritoPic_Log17_265.jpg,0.72
CharritoPic_Log17_266.jpg,0.72
CharritoPic_Log17_267.jpg,0.72
CharritoPic_Log17_268.jpg,0.72
CharritoPic_Log17_269.jpg,0.72
CharritoPic_Log17_270.jpg,0.74
CharritoPic_Log17_271.jpg,0.74
CharritoPic_Log17_272.jpg,0.74
CharritoPic_Log17_273.jpg,0.72
CharritoPic_Log17_274.jpg,0.72
CharritoPic_Log17_275.jpg,0.72
CharritoPic_Log17_276.jpg,0.74
CharritoPic_Log17_277.jpg,0.74
CharritoPic_Log17_278.jpg,0.74
CharritoPic_Log17_279.jpg,0.74
CharritoPic_Log17_280.jpg,0.72
CharritoPic_Log17_281.jpg,0.72
CharritoPic_Log17_282.jpg,0.72
CharritoPic_Log17_283.jpg,0.74
CharritoPic_Log17_284.jpg,0.74
CharritoPic_Log17_285.jpg,0.74
CharritoPic_Log17_286.jpg,0.72
CharritoPic_Log17_287.jpg,0.72
CharritoPic_Log17_288.jpg,0.72
CharritoPic_Log17_289.jpg,0.72
CharritoPic_Log17_290.jpg,0.74
CharritoPic_Log17_291.jpg,0.74
CharritoPic_Log17_292.jpg,0.74
CharritoPic_Log17_293.jpg,0.74
CharritoPic_Log17_294.jpg,0.74
CharritoPic_Log17_295.jpg,0.72
CharritoPic_Log17_296.jpg,0.72
CharritoPic_Log17_297.jpg,0.72
CharritoPic_Log17_298.jpg,0.72
CharritoPic_Log17_299.jpg,0.72
CharritoPic_Log17_300.jpg,0.72
CharritoPic_Log17_301.jpg,0.72
CharritoPic_Log17_302.jpg,0.72
CharritoPic_Log17_303.jpg,0.72
CharritoPic_Log17_304.jpg,0.72
CharritoPic_Log17_305.jpg,0.74
CharritoPic_Log17_306.jpg,0.74
CharritoPic_Log17_307.jpg,0.72
CharritoPic_Log17_308.jpg,0.72
CharritoPic_Log17_309.jpg,0.72
CharritoPic_Log17_310.jpg,0.72
CharritoPic_Log17_311.jpg,0.72
CharritoPic_Log17_312.jpg,0.72
CharritoPic_Log17_313.jpg,0.74
CharritoPic_Log17_314.jpg,0.74
CharritoPic_Log17_315.jpg,0.72
CharritoPic_Log17_316.jpg,0.72
CharritoPic_Log17_317.jpg,0.72
CharritoPic_Log17_318.jpg,0.72
CharritoPic_Log17_319.jpg,0.72
CharritoPic_Log17_320.jpg,0.72
CharritoPic_Log17_321.jpg,0.72
CharritoPic_Log17_322.jpg,0.72
CharritoPic_Log17_323.jpg,0.72
CharritoPic_Log17_324.jpg,0.74
CharritoPic_Log17_325.jpg,0.74
CharritoPic_Log17_326.jpg,0.74
CharritoPic_Log17_327.jpg,0.74
CharritoPic_Log17_328.jpg,0.74
CharritoPic_Log17_329.jpg,0.74
CharritoPic_Log17_330.jpg,0.74
CharritoPic_Log17_331.jpg,0.74
CharritoPic_Log17_332.jpg,0.72
CharritoPic_Log17_333.jpg,0.72
CharritoPic_Log17_334.jpg,0.72
CharritoPic_Log17_335.jpg,0.72
CharritoPic_Log17_336.jpg,0.72
CharritoPic_Log17_337.jpg,0.72
CharritoPic_Log17_338.jpg,0.72
CharritoPic_Log17_339.jpg,0.72
CharritoPic_Log17_340.jpg,0.72
CharritoPic_Log17_341.jpg,0.72
CharritoPic_Log17_342.jpg,0.72
CharritoPic_Log17_343.jpg,0.72
CharritoPic_Log17_344.jpg,0.72
CharritoPic_Log17_345.jpg,0.74
CharritoPic_Log17_346.jpg,0.74
CharritoPic_Log17_347.jpg,0.74
CharritoPic_Log17_348.jpg,0.74
CharritoPic_Log17_349.jpg,0.72
CharritoPic_Log17_350.jpg,0.72
CharritoPic_Log17_351.jpg,0.72
CharritoPic_Log17_352.jpg,0.72
CharritoPic_Log17_353.jpg,0.72
CharritoPic_Log17_354.jpg,0.7
CharritoPic_Log17_355.jpg,0.7
CharritoPic_Log17_356.jpg,0.72
CharritoPic_Log17_357.jpg,0.74
CharritoPic_Log17_358.jpg,0.74
CharritoPic_Log17_359.jpg,0.74
CharritoPic_Log17_360.jpg,0.74
CharritoPic_Log17_361.jpg,0.74
CharritoPic_Log17_362.jpg,0.72
CharritoPic_Log17_363.jpg,0.72
CharritoPic_Log17_364.jpg,0.72
CharritoPic_Log17_365.jpg,0.72
CharritoPic_Log17_366.jpg,0.72
CharritoPic_Log17_367.jpg,0.72
CharritoPic_Log17_368.jpg,0.72
CharritoPic_Log17_369.jpg,0.72
CharritoPic_Log17_370.jpg,0.72
CharritoPic_Log17_371.jpg,0.72
CharritoPic_Log17_372.jpg,0.72
CharritoPic_Log17_373.jpg,0.72
CharritoPic_Log17_374.jpg,0.72
CharritoPic_Log17_375.jpg,0.72
CharritoPic_Log17_376.jpg,0.72
CharritoPic_Log17_377.jpg,0.72
CharritoPic_Log17_378.jpg,0.72
CharritoPic_Log17_379.jpg,0.72
CharritoPic_Log17_380.jpg,0.72
CharritoPic_Log17_381.jpg,0.72
CharritoPic_Log17_382.jpg,0.72
CharritoPic_Log17_383.jpg,0.74
CharritoPic_Log17_384.jpg,0.74
CharritoPic_Log17_385.jpg,0.74
CharritoPic_Log17_386.jpg,0.74
CharritoPic_Log17_387.jpg,0.72
CharritoPic_Log17_388.jpg,0.72
CharritoPic_Log17_389.jpg,0.72
CharritoPic_Log17_390.jpg,0.72
CharritoPic_Log17_391.jpg,0.72
CharritoPic_Log17_392.jpg,0.72
CharritoPic_Log17_393.jpg,0.72
CharritoPic_Log17_394.jpg,0.72
CharritoPic_Log17_395.jpg,0.72
CharritoPic_Log17_396.jpg,0.72
CharritoPic_Log17_397.jpg,0.72
CharritoPic_Log17_398.jpg,0.74
CharritoPic_Log17_399.jpg,0.74
CharritoPic_Log17_400.jpg,0.72
CharritoPic_Log17_401.jpg,0.72
CharritoPic_Log17_402.jpg,0.74
CharritoPic_Log17_403.jpg,0.74
CharritoPic_Log17_404.jpg,0.74
CharritoPic_Log17_405.jpg,0.72
CharritoPic_Log17_406.jpg,0.72
CharritoPic_Log17_407.jpg,0.72
CharritoPic_Log17_408.jpg,0.72
CharritoPic_Log17_409.jpg,0.72
CharritoPic_Log17_410.jpg,0.72
CharritoPic_Log17_411.jpg,0.74
CharritoPic_Log17_412.jpg,0.74
CharritoPic_Log17_413.jpg,0.74
CharritoPic_Log17_414.jpg,0.72
CharritoPic_Log17_415.jpg,0.72
CharritoPic_Log17_416.jpg,0.72
CharritoPic_Log17_417.jpg,0.72
CharritoPic_Log17_418.jpg,0.72
CharritoPic_Log17_419.jpg,0.74
CharritoPic_Log17_420.jpg,0.74
CharritoPic_Log17_421.jpg,0.72
CharritoPic_Log17_422.jpg,0.72
CharritoPic_Log17_423.jpg,0.72
CharritoPic_Log17_424.jpg,0.72
CharritoPic_Log17_425.jpg,0.74
CharritoPic_Log17_426.jpg,0.74
CharritoPic_Log17_427.jpg,0.74
CharritoPic_Log17_428.jpg,0.72
CharritoPic_Log17_429.jpg,0.72
CharritoPic_Log17_430.jpg,0.72
CharritoPic_Log17_431.jpg,0.72
CharritoPic_Log17_432.jpg,0.72
CharritoPic_Log17_433.jpg,0.72
CharritoPic_Log17_434.jpg,0.74
CharritoPic_Log17_435.jpg,0.74
CharritoPic_Log17_436.jpg,0.74
CharritoPic_Log17_437.jpg,0.74
CharritoPic_Log17_438.jpg,0.74
CharritoPic_Log17_439.jpg,0.74
CharritoPic_Log17_440.jpg,0.72
CharritoPic_Log17_441.jpg,0.72
CharritoPic_Log17_442.jpg,0.72
CharritoPic_Log17_443.jpg,0.72
CharritoPic_Log17_444.jpg,0.72
CharritoPic_Log17_445.jpg,0.72
CharritoPic_Log17_446.jpg,0.72
CharritoPic_Log17_447.jpg,0.74
CharritoPic_Log17_448.jpg,0.74
CharritoPic_Log17_449.jpg,0.74
CharritoPic_Log17_450.jpg,0.74
CharritoPic_Log17_451.jpg,0.74
CharritoPic_Log17_452.jpg,0.74
CharritoPic_Log17_453.jpg,0.74
CharritoPic_Log17_454.jpg,0.74
CharritoPic_Log17_455.jpg,0.74
CharritoPic_Log17_456.jpg,0.74
CharritoPic_Log17_457.jpg,0.74
CharritoPic_Log17_458.jpg,0.76
CharritoPic_Log17_459.jpg,0.76
CharritoPic_Log17_460.jpg,0.76
CharritoPic_Log17_461.jpg,0.74
CharritoPic_Log17_462.jpg,0.74
CharritoPic_Log17_463.jpg,0.74
CharritoPic_Log17_464.jpg,0.74
CharritoPic_Log17_465.jpg,0.72
CharritoPic_Log17_466.jpg,0.72
CharritoPic_Log17_467.jpg,0.72
CharritoPic_Log17_468.jpg,0.72
CharritoPic_Log17_469.jpg,0.72
CharritoPic_Log17_470.jpg,0.74
CharritoPic_Log17_471.jpg,0.74
CharritoPic_Log17_472.jpg,0.72
CharritoPic_Log17_473.jpg,0.72
CharritoPic_Log17_474.jpg,0.72
CharritoPic_Log17_475.jpg,0.72
CharritoPic_Log17_476.jpg,0.72
CharritoPic_Log17_477.jpg,0.72
CharritoPic_Log17_478.jpg,0.72
CharritoPic_Log17_479.jpg,0.74
CharritoPic_Log17_480.jpg,0.74
CharritoPic_Log17_481.jpg,0.74
CharritoPic_Log17_482.jpg,0.74
CharritoPic_Log17_483.jpg,0.74
CharritoPic_Log17_484.jpg,0.74
CharritoPic_Log17_485.jpg,0.72
CharritoPic_Log17_486.jpg,0.72
CharritoPic_Log17_487.jpg,0.72
CharritoPic_Log17_488.jpg,0.72
CharritoPic_Log17_489.jpg,0.72
CharritoPic_Log17_490.jpg,0.72
CharritoPic_Log17_491.jpg,0.72
CharritoPic_Log17_492.jpg,0.72
CharritoPic_Log17_493.jpg,0.72
CharritoPic_Log17_494.jpg,0.72
CharritoPic_Log17_495.jpg,0.72
CharritoPic_Log17_496.jpg,0.74
CharritoPic_Log17_497.jpg,0.74
CharritoPic_Log17_498.jpg,0.74
CharritoPic_Log17_499.jpg,0.74
CharritoPic_Log17_500.jpg,0.74
CharritoPic_Log17_501.jpg,0.74
CharritoPic_Log17_502.jpg,0.72
CharritoPic_Log17_503.jpg,0.72
CharritoPic_Log17_504.jpg,0.72
CharritoPic_Log17_505.jpg,0.72
CharritoPic_Log17_506.jpg,0.72
CharritoPic_Log17_507.jpg,0.72
CharritoPic_Log17_508.jpg,0.72
CharritoPic_Log17_509.jpg,0.72
CharritoPic_Log17_510.jpg,0.72
CharritoPic_Log17_511.jpg,0.72
CharritoPic_Log17_512.jpg,0.72
CharritoPic_Log17_513.jpg,0.72
CharritoPic_Log17_514.jpg,0.72
CharritoPic_Log17_515.jpg,0.72
CharritoPic_Log17_516.jpg,0.72
CharritoPic_Log17_517.jpg,0.7
CharritoPic_Log17_518.jpg,0.7
CharritoPic_Log17_519.jpg,0.7
CharritoPic_Log17_520.jpg,0.7
CharritoPic_Log17_521.jpg,0.72
CharritoPic_Log17_522.jpg,0.72
CharritoPic_Log17_523.jpg,0.72
CharritoPic_Log17_524.jpg,0.72
CharritoPic_Log17_525.jpg,0.72
CharritoPic_Log17_526.jpg,0.74
CharritoPic_Log17_527.jpg,0.74
CharritoPic_Log17_528.jpg,0.74
CharritoPic_Log17_529.jpg,0.74
CharritoPic_Log17_530.jpg,0.76
CharritoPic_Log17_531.jpg,0.76
CharritoPic_Log17_532.jpg,0.74
CharritoPic_Log17_533.jpg,0.74
CharritoPic_Log17_534.jpg,0.74
CharritoPic_Log17_535.jpg,0.74
CharritoPic_Log17_536.jpg,0.72
CharritoPic_Log17_537.jpg,0.72
CharritoPic_Log17_538.jpg,0.72
CharritoPic_Log17_539.jpg,0.72
CharritoPic_Log17_540.jpg,0.72
CharritoPic_Log17_541.jpg,0.72
CharritoPic_Log17_542.jpg,0.72
CharritoPic_Log17_543.jpg,0.72
CharritoPic_Log17_544.jpg,0.72
CharritoPic_Log17_545.jpg,0.72
CharritoPic_Log17_546.jpg,0.72
CharritoPic_Log17_547.jpg,0.72
CharritoPic_Log17_548.jpg,0.72
CharritoPic_Log17_549.jpg,0.72
CharritoPic_Log17_550.jpg,0.72
CharritoPic_Log17_551.jpg,0.74
CharritoPic_Log17_552.jpg,0.74
CharritoPic_Log17_553.jpg,0.72
CharritoPic_Log17_554.jpg,0.72
CharritoPic_Log17_555.jpg,0.72
CharritoPic_Log17_556.jpg,0.72
CharritoPic_Log17_557.jpg,0.72
CharritoPic_Log17_558.jpg,0.72
CharritoPic_Log17_559.jpg,0.72
CharritoPic_Log17_560.jpg,0.72
CharritoPic_Log17_561.jpg,0.72
CharritoPic_Log17_562.jpg,0.72
CharritoPic_Log17_563.jpg,0.74
CharritoPic_Log17_564.jpg,0.74
CharritoPic_Log17_565.jpg,0.74
CharritoPic_Log17_566.jpg,0.72
CharritoPic_Log17_567.jpg,0.72
CharritoPic_Log17_568.jpg,0.72
CharritoPic_Log17_569.jpg,0.72
CharritoPic_Log17_570.jpg,0.72
CharritoPic_Log17_571.jpg,0.7
CharritoPic_Log17_572.jpg,0.7
CharritoPic_Log17_573.jpg,0.72
CharritoPic_Log17_574.jpg,0.74
CharritoPic_Log17_575.jpg,0.74
CharritoPic_Log17_576.jpg,0.74
CharritoPic_Log17_577.jpg,0.74
CharritoPic_Log17_578.jpg,0.74
CharritoPic_Log17_579.jpg,0.72
CharritoPic_Log17_580.jpg,0.72
CharritoPic_Log17_581.jpg,0.72
CharritoPic_Log17_582.jpg,0.72
CharritoPic_Log17_583.jpg,0.7
CharritoPic_Log17_584.jpg,0.72
CharritoPic_Log17_585.jpg,0.72
CharritoPic_Log17_586.jpg,0.72
CharritoPic_Log17_587.jpg,0.72
CharritoPic_Log17_588.jpg,0.72
CharritoPic_Log17_589.jpg,0.72
CharritoPic_Log17_590.jpg,0.72
CharritoPic_Log17_591.jpg,0.72
CharritoPic_Log17_592.jpg,0.72
CharritoPic_Log17_593.jpg,0.72
CharritoPic_Log17_594.jpg,0.72
CharritoPic_Log17_595.jpg,0.72
CharritoPic_Log17_596.jpg,0.72
CharritoPic_Log17_597.jpg,0.72
CharritoPic_Log17_598.jpg,0.72
CharritoPic_Log17_599.jpg,0.72
CharritoPic_Log17_600.jpg,0.72
CharritoPic_Log17_601.jpg,0.72
CharritoPic_Log17_602.jpg,0.72
CharritoPic_Log17_603.jpg,0.72
CharritoPic_Log17_604.jpg,0.72
CharritoPic_Log17_605.jpg,0.72
CharritoPic_Log17_606.jpg,0.72
CharritoPic_Log17_607.jpg,0.72
CharritoPic_Log17_608.jpg,0.7
CharritoPic_Log17_609.jpg,0.7
CharritoPic_Log17_610.jpg,0.72
CharritoPic_Log17_611.jpg,0.72
CharritoPic_Log17_612.jpg,0.72
CharritoPic_Log17_613.jpg,0.72
CharritoPic_Log17_614.jpg,0.72
CharritoPic_Log17_615.jpg,0.72
CharritoPic_Log17_616.jpg,0.72
CharritoPic_Log17_617.jpg,0.72
CharritoPic_Log17_618.jpg,0.72
CharritoPic_Log17_619.jpg,0.74
CharritoPic_Log17_620.jpg,0.74
CharritoPic_Log17_621.jpg,0.74
CharritoPic_Log17_622.jpg,0.74
CharritoPic_Log17_623.jpg,0.72
CharritoPic_Log17_624.jpg,0.72
CharritoPic_Log17_625.jpg,0.72
CharritoPic_Log17_626.jpg,0.7
CharritoPic_Log17_627.jpg,0.7
CharritoPic_Log17_628.jpg,0.7
CharritoPic_Log17_629.jpg,0.7
CharritoPic_Log17_630.jpg,0.7
CharritoPic_Log17_631.jpg,0.72
CharritoPic_Log17_632.jpg,0.72
CharritoPic_Log17_633.jpg,0.72
CharritoPic_Log17_634.jpg,0.72
CharritoPic_Log17_635.jpg,0.72
CharritoPic_Log17_636.jpg,0.72
CharritoPic_Log17_637.jpg,0.74
CharritoPic_Log17_638.jpg,0.74
CharritoPic_Log17_639.jpg,0.74
CharritoPic_Log17_640.jpg,0.76
CharritoPic_Log17_641.jpg,0.76
CharritoPic_Log17_642.jpg,0.74
CharritoPic_Log17_643.jpg,0.74
CharritoPic_Log17_644.jpg,0.72
CharritoPic_Log17_645.jpg,0.72
CharritoPic_Log17_646.jpg,0.7
CharritoPic_Log17_647.jpg,0.7
CharritoPic_Log17_648.jpg,0.72
CharritoPic_Log17_649.jpg,0.72
CharritoPic_Log17_650.jpg,0.72
CharritoPic_Log17_651.jpg,0.74
CharritoPic_Log17_652.jpg,0.74
CharritoPic_Log17_653.jpg,0.72
CharritoPic_Log17_654.jpg,0.72
CharritoPic_Log17_655.jpg,0.72
CharritoPic_Log17_656.jpg,0.72
CharritoPic_Log17_657.jpg,0.72
CharritoPic_Log17_658.jpg,0.72
CharritoPic_Log17_659.jpg,0.72
CharritoPic_Log17_660.jpg,0.72
CharritoPic_Log17_661.jpg,0.74
CharritoPic_Log17_662.jpg,0.74
CharritoPic_Log17_663.jpg,0.72
CharritoPic_Log17_664.jpg,0.72
CharritoPic_Log17_665.jpg,0.72
CharritoPic_Log17_666.jpg,0.72
CharritoPic_Log17_667.jpg,0.72
CharritoPic_Log17_668.jpg,0.72
CharritoPic_Log17_669.jpg,0.74
CharritoPic_Log17_670.jpg,0.74
CharritoPic_Log17_671.jpg,0.74
CharritoPic_Log17_672.jpg,0.74
CharritoPic_Log17_673.jpg,0.72
CharritoPic_Log17_674.jpg,0.72
CharritoPic_Log17_675.jpg,0.72
CharritoPic_Log17_676.jpg,0.7
CharritoPic_Log17_677.jpg,0.72
CharritoPic_Log17_678.jpg,0.72
CharritoPic_Log17_679.jpg,0.72
CharritoPic_Log17_680.jpg,0.72
CharritoPic_Log17_681.jpg,0.72
CharritoPic_Log17_682.jpg,0.72
CharritoPic_Log17_683.jpg,0.72
CharritoPic_Log17_684.jpg,0.72
CharritoPic_Log17_685.jpg,0.72
CharritoPic_Log17_686.jpg,0.74
CharritoPic_Log17_687.jpg,0.76
CharritoPic_Log17_688.jpg,0.74
CharritoPic_Log17_689.jpg,0.72
CharritoPic_Log17_690.jpg,0.72
CharritoPic_Log17_691.jpg,0.74
CharritoPic_Log17_692.jpg,0.74
