,Camera,Steering,Predicted,PicUsed
0,Charrito_Log18_Pic_1.jpg,0.73,-0.145377516746521,Charrito_Log18_Pic_1.jpg
1,Charrito_Log18_Pic_2.jpg,0.73,-0.1143520176410675,Charrito_Log18_Pic_2.jpg
2,Charrito_Log18_Pic_3.jpg,0.73,-0.03853131830692291,Charrito_Log18_Pic_3.jpg
3,Charrito_Log18_Pic_4.jpg,0.73,-0.020700136199593544,Charrito_Log18_Pic_4.jpg
4,Charrito_Log18_Pic_5.jpg,0.73,-0.009839874692261219,Charrito_Log18_Pic_5.jpg
5,Charrito_Log18_Pic_6.jpg,0.73,0.00010074814781546593,Charrito_Log18_Pic_6.jpg
6,Charrito_Log18_Pic_7.jpg,0.73,-0.018734434619545937,Charrito_Log18_Pic_7.jpg
7,Charrito_Log18_Pic_8.jpg,0.73,-0.01947813108563423,Charrito_Log18_Pic_8.jpg
8,Charrito_Log18_Pic_9.jpg,0.73,0.0031543464865535498,Charrito_Log18_Pic_9.jpg
9,Charrito_Log18_Pic_10.jpg,0.73,-0.0072193993255496025,Charrito_Log18_Pic_10.jpg
10,Charrito_Log18_Pic_11.jpg,0.73,-0.01626773737370968,Charrito_Log18_Pic_11.jpg
11,Charrito_Log18_Pic_12.jpg,0.73,-0.023225601762533188,Charrito_Log18_Pic_12.jpg
12,Charrito_Log18_Pic_13.jpg,0.73,-0.0784260556101799,Charrito_Log18_Pic_13.jpg
13,Charrito_Log18_Pic_14.jpg,0.73,-0.0687045082449913,Charrito_Log18_Pic_14.jpg
14,Charrito_Log18_Pic_15.jpg,0.73,-0.1364791989326477,Charrito_Log18_Pic_15.jpg
15,Charrito_Log18_Pic_16.jpg,0.72,-0.147626593708992,Charrito_Log18_Pic_16.jpg
16,Charrito_Log18_Pic_17.jpg,0.72,-0.15930239856243134,Charrito_Log18_Pic_17.jpg
17,Charrito_Log18_Pic_18.jpg,0.72,-0.11852210760116577,Charrito_Log18_Pic_18.jpg
18,Charrito_Log18_Pic_19.jpg,0.71,-0.1541031002998352,Charrito_Log18_Pic_19.jpg
19,Charrito_Log18_Pic_20.jpg,0.71,-0.16137388348579407,Charrito_Log18_Pic_20.jpg
20,Charrito_Log18_Pic_21.jpg,0.71,-0.09276558458805084,Charrito_Log18_Pic_21.jpg
21,Charrito_Log18_Pic_22.jpg,0.71,-0.08011803030967712,Charrito_Log18_Pic_22.jpg
22,Charrito_Log18_Pic_23.jpg,0.72,-0.06170988082885742,Charrito_Log18_Pic_23.jpg
23,Charrito_Log18_Pic_24.jpg,0.72,-0.041865646839141846,Charrito_Log18_Pic_24.jpg
24,Charrito_Log18_Pic_25.jpg,0.72,-0.025421766564249992,Charrito_Log18_Pic_25.jpg
25,Charrito_Log18_Pic_26.jpg,0.72,-0.019384795799851418,Charrito_Log18_Pic_26.jpg
26,Charrito_Log18_Pic_27.jpg,0.72,-0.029833344742655754,Charrito_Log18_Pic_27.jpg
27,Charrito_Log18_Pic_28.jpg,0.72,-0.025066865608096123,Charrito_Log18_Pic_28.jpg
28,Charrito_Log18_Pic_29.jpg,0.72,-0.021797766909003258,Charrito_Log18_Pic_29.jpg
29,Charrito_Log18_Pic_30.jpg,0.72,-0.018520597368478775,Charrito_Log18_Pic_30.jpg
30,Charrito_Log18_Pic_31.jpg,0.72,-0.042224735021591187,Charrito_Log18_Pic_31.jpg
31,Charrito_Log18_Pic_32.jpg,0.72,-0.01143987849354744,Charrito_Log18_Pic_32.jpg
32,Charrito_Log18_Pic_33.jpg,0.72,-0.012119095772504807,Charrito_Log18_Pic_33.jpg
33,Charrito_Log18_Pic_34.jpg,0.72,-0.014404809102416039,Charrito_Log18_Pic_34.jpg
34,Charrito_Log18_Pic_35.jpg,0.72,-0.010786101222038269,Charrito_Log18_Pic_35.jpg
35,Charrito_Log18_Pic_36.jpg,0.72,0.00022778171114623547,Charrito_Log18_Pic_36.jpg
36,Charrito_Log18_Pic_37.jpg,0.73,0.012705252505838871,Charrito_Log18_Pic_37.jpg
37,Charrito_Log18_Pic_38.jpg,0.73,0.004597732797265053,Charrito_Log18_Pic_38.jpg
38,Charrito_Log18_Pic_39.jpg,0.73,0.010623903013765812,Charrito_Log18_Pic_39.jpg
39,Charrito_Log18_Pic_40.jpg,0.73,0.01383645087480545,Charrito_Log18_Pic_40.jpg
40,Charrito_Log18_Pic_41.jpg,0.73,0.013858558610081673,Charrito_Log18_Pic_41.jpg
41,Charrito_Log18_Pic_42.jpg,0.73,0.003340862924233079,Charrito_Log18_Pic_42.jpg
42,Charrito_Log18_Pic_43.jpg,0.73,0.003164534689858556,Charrito_Log18_Pic_43.jpg
43,Charrito_Log18_Pic_44.jpg,0.73,-0.015966229140758514,Charrito_Log18_Pic_44.jpg
44,Charrito_Log18_Pic_45.jpg,0.73,-0.0036366365384310484,Charrito_Log18_Pic_45.jpg
45,Charrito_Log18_Pic_46.jpg,0.73,-0.007117262110114098,Charrito_Log18_Pic_46.jpg
46,Charrito_Log18_Pic_47.jpg,0.72,-0.07551783323287964,Charrito_Log18_Pic_47.jpg
47,Charrito_Log18_Pic_48.jpg,0.72,-0.14623402059078217,Charrito_Log18_Pic_48.jpg
48,Charrito_Log18_Pic_49.jpg,0.72,-0.11616059392690659,Charrito_Log18_Pic_49.jpg
49,Charrito_Log18_Pic_50.jpg,0.72,-0.16844594478607178,Charrito_Log18_Pic_50.jpg
50,Charrito_Log18_Pic_51.jpg,0.72,-0.13769875466823578,Charrito_Log18_Pic_51.jpg
51,Charrito_Log18_Pic_52.jpg,0.72,-0.16495540738105774,Charrito_Log18_Pic_52.jpg
52,Charrito_Log18_Pic_53.jpg,0.72,-0.1185474544763565,Charrito_Log18_Pic_53.jpg
53,Charrito_Log18_Pic_54.jpg,0.72,-0.12537167966365814,Charrito_Log18_Pic_54.jpg
54,Charrito_Log18_Pic_55.jpg,0.71,-0.1552884429693222,Charrito_Log18_Pic_55.jpg
55,Charrito_Log18_Pic_56.jpg,0.71,-0.10925687104463577,Charrito_Log18_Pic_56.jpg
56,Charrito_Log18_Pic_57.jpg,0.71,-0.14226043224334717,Charrito_Log18_Pic_57.jpg
57,Charrito_Log18_Pic_58.jpg,0.71,-0.14627745747566223,Charrito_Log18_Pic_58.jpg
58,Charrito_Log18_Pic_59.jpg,0.71,-0.1581762284040451,Charrito_Log18_Pic_59.jpg
59,Charrito_Log18_Pic_60.jpg,0.72,-0.03195200115442276,Charrito_Log18_Pic_60.jpg
60,Charrito_Log18_Pic_61.jpg,0.72,-0.038384292274713516,Charrito_Log18_Pic_61.jpg
61,Charrito_Log18_Pic_62.jpg,0.72,-0.09287333488464355,Charrito_Log18_Pic_62.jpg
62,Charrito_Log18_Pic_63.jpg,0.72,-0.04265711084008217,Charrito_Log18_Pic_63.jpg
63,Charrito_Log18_Pic_64.jpg,0.72,-0.03262915834784508,Charrito_Log18_Pic_64.jpg
64,Charrito_Log18_Pic_65.jpg,0.72,-0.04081796482205391,Charrito_Log18_Pic_65.jpg
65,Charrito_Log18_Pic_66.jpg,0.72,-0.030004099011421204,Charrito_Log18_Pic_66.jpg
66,Charrito_Log18_Pic_67.jpg,0.72,0.03314051777124405,Charrito_Log18_Pic_67.jpg
67,Charrito_Log18_Pic_68.jpg,0.72,0.031715262681245804,Charrito_Log18_Pic_68.jpg
68,Charrito_Log18_Pic_69.jpg,0.72,-0.0239641722291708,Charrito_Log18_Pic_69.jpg
69,Charrito_Log18_Pic_70.jpg,0.71,-0.032550401985645294,Charrito_Log18_Pic_70.jpg
70,Charrito_Log18_Pic_71.jpg,0.71,-0.03207821771502495,Charrito_Log18_Pic_71.jpg
71,Charrito_Log18_Pic_72.jpg,0.72,-0.014200270175933838,Charrito_Log18_Pic_72.jpg
72,Charrito_Log18_Pic_73.jpg,0.72,0.05885160714387894,Charrito_Log18_Pic_73.jpg
73,Charrito_Log18_Pic_74.jpg,0.72,0.025512808933854103,Charrito_Log18_Pic_74.jpg
74,Charrito_Log18_Pic_75.jpg,0.72,0.018109522759914398,Charrito_Log18_Pic_75.jpg
75,Charrito_Log18_Pic_76.jpg,0.72,0.020074164494872093,Charrito_Log18_Pic_76.jpg
76,Charrito_Log18_Pic_77.jpg,0.72,-0.04525967687368393,Charrito_Log18_Pic_77.jpg
77,Charrito_Log18_Pic_78.jpg,0.73,-0.06984208524227142,Charrito_Log18_Pic_78.jpg
78,Charrito_Log18_Pic_79.jpg,0.73,-0.03726669028401375,Charrito_Log18_Pic_79.jpg
79,Charrito_Log18_Pic_80.jpg,0.73,-0.004127633757889271,Charrito_Log18_Pic_80.jpg
80,Charrito_Log18_Pic_81.jpg,0.72,-0.02744901366531849,Charrito_Log18_Pic_81.jpg
81,Charrito_Log18_Pic_82.jpg,0.72,-0.06530525535345078,Charrito_Log18_Pic_82.jpg
82,Charrito_Log18_Pic_83.jpg,0.72,-0.2274196594953537,Charrito_Log18_Pic_83.jpg
83,Charrito_Log18_Pic_84.jpg,0.71,-0.1743016242980957,Charrito_Log18_Pic_84.jpg
84,Charrito_Log18_Pic_85.jpg,0.71,-0.2980312407016754,Charrito_Log18_Pic_85.jpg
85,Charrito_Log18_Pic_86.jpg,0.71,-0.29610806703567505,Charrito_Log18_Pic_86.jpg
86,Charrito_Log18_Pic_87.jpg,0.72,-0.15134839713573456,Charrito_Log18_Pic_87.jpg
87,Charrito_Log18_Pic_88.jpg,0.72,-0.0968552976846695,Charrito_Log18_Pic_88.jpg
88,Charrito_Log18_Pic_89.jpg,0.72,-0.12366639077663422,Charrito_Log18_Pic_89.jpg
89,Charrito_Log18_Pic_90.jpg,0.72,-0.21553491055965424,Charrito_Log18_Pic_90.jpg
90,Charrito_Log18_Pic_91.jpg,0.72,-0.1803019642829895,Charrito_Log18_Pic_91.jpg
91,Charrito_Log18_Pic_92.jpg,0.72,-0.22382862865924835,Charrito_Log18_Pic_92.jpg
92,Charrito_Log18_Pic_93.jpg,0.71,-0.2001858353614807,Charrito_Log18_Pic_93.jpg
93,Charrito_Log18_Pic_94.jpg,0.71,-0.10639923065900803,Charrito_Log18_Pic_94.jpg
94,Charrito_Log18_Pic_95.jpg,0.71,-0.08481287956237793,Charrito_Log18_Pic_95.jpg
95,Charrito_Log18_Pic_96.jpg,0.71,-0.1499827355146408,Charrito_Log18_Pic_96.jpg
96,Charrito_Log18_Pic_97.jpg,0.71,-0.22866277396678925,Charrito_Log18_Pic_97.jpg
97,Charrito_Log18_Pic_98.jpg,0.71,-0.20596329867839813,Charrito_Log18_Pic_98.jpg
98,Charrito_Log18_Pic_99.jpg,0.72,-0.0966842994093895,Charrito_Log18_Pic_99.jpg
99,Charrito_Log18_Pic_100.jpg,0.72,-0.009049784392118454,Charrito_Log18_Pic_100.jpg
100,Charrito_Log18_Pic_101.jpg,0.72,-0.03829936310648918,Charrito_Log18_Pic_101.jpg
101,Charrito_Log18_Pic_102.jpg,0.72,-0.0419660247862339,Charrito_Log18_Pic_102.jpg
102,Charrito_Log18_Pic_103.jpg,0.72,-0.11274957656860352,Charrito_Log18_Pic_103.jpg
103,Charrito_Log18_Pic_104.jpg,0.72,-0.1131555363535881,Charrito_Log18_Pic_104.jpg
104,Charrito_Log18_Pic_105.jpg,0.72,-0.1373063325881958,Charrito_Log18_Pic_105.jpg
105,Charrito_Log18_Pic_106.jpg,0.72,-0.15141995251178741,Charrito_Log18_Pic_106.jpg
106,Charrito_Log18_Pic_107.jpg,0.71,-0.2127688080072403,Charrito_Log18_Pic_107.jpg
107,Charrito_Log18_Pic_108.jpg,0.71,-0.2192002385854721,Charrito_Log18_Pic_108.jpg
108,Charrito_Log18_Pic_109.jpg,0.71,-0.2527688443660736,Charrito_Log18_Pic_109.jpg
109,Charrito_Log18_Pic_110.jpg,0.71,-0.13615652918815613,Charrito_Log18_Pic_110.jpg
110,Charrito_Log18_Pic_111.jpg,0.72,-0.04056878760457039,Charrito_Log18_Pic_111.jpg
111,Charrito_Log18_Pic_112.jpg,0.72,-0.01137263048440218,Charrito_Log18_Pic_112.jpg
112,Charrito_Log18_Pic_113.jpg,0.72,0.01518334448337555,Charrito_Log18_Pic_113.jpg
113,Charrito_Log18_Pic_114.jpg,0.72,0.040650494396686554,Charrito_Log18_Pic_114.jpg
114,Charrito_Log18_Pic_115.jpg,0.73,0.08781123161315918,Charrito_Log18_Pic_115.jpg
115,Charrito_Log18_Pic_116.jpg,0.74,0.14988350868225098,Charrito_Log18_Pic_116.jpg
116,Charrito_Log18_Pic_117.jpg,0.74,0.08794642239809036,Charrito_Log18_Pic_117.jpg
117,Charrito_Log18_Pic_118.jpg,0.74,0.07604137808084488,Charrito_Log18_Pic_118.jpg
118,Charrito_Log18_Pic_119.jpg,0.73,0.03904786333441734,Charrito_Log18_Pic_119.jpg
119,Charrito_Log18_Pic_120.jpg,0.73,-0.006098618730902672,Charrito_Log18_Pic_120.jpg
120,Charrito_Log18_Pic_121.jpg,0.73,-0.04697591811418533,Charrito_Log18_Pic_121.jpg
121,Charrito_Log18_Pic_122.jpg,0.73,-0.09767390042543411,Charrito_Log18_Pic_122.jpg
122,Charrito_Log18_Pic_123.jpg,0.72,-0.1613728106021881,Charrito_Log18_Pic_123.jpg
123,Charrito_Log18_Pic_124.jpg,0.72,-0.23843257129192352,Charrito_Log18_Pic_124.jpg
124,Charrito_Log18_Pic_125.jpg,0.71,-0.24639509618282318,Charrito_Log18_Pic_125.jpg
125,Charrito_Log18_Pic_126.jpg,0.71,-0.23114845156669617,Charrito_Log18_Pic_126.jpg
126,Charrito_Log18_Pic_127.jpg,0.72,-0.17434000968933105,Charrito_Log18_Pic_127.jpg
127,Charrito_Log18_Pic_128.jpg,0.72,-0.12506355345249176,Charrito_Log18_Pic_128.jpg
128,Charrito_Log18_Pic_129.jpg,0.71,-0.18057027459144592,Charrito_Log18_Pic_129.jpg
129,Charrito_Log18_Pic_130.jpg,0.71,-0.14773181080818176,Charrito_Log18_Pic_130.jpg
130,Charrito_Log18_Pic_131.jpg,0.71,-0.10645803064107895,Charrito_Log18_Pic_131.jpg
131,Charrito_Log18_Pic_132.jpg,0.72,-0.145318403840065,Charrito_Log18_Pic_132.jpg
132,Charrito_Log18_Pic_133.jpg,0.72,-0.08175753802061081,Charrito_Log18_Pic_133.jpg
133,Charrito_Log18_Pic_134.jpg,0.72,-0.06620001792907715,Charrito_Log18_Pic_134.jpg
134,Charrito_Log18_Pic_135.jpg,0.72,-0.05506933107972145,Charrito_Log18_Pic_135.jpg
135,Charrito_Log18_Pic_136.jpg,0.72,-0.04216534644365311,Charrito_Log18_Pic_136.jpg
136,Charrito_Log18_Pic_137.jpg,0.72,-0.04291745647788048,Charrito_Log18_Pic_137.jpg
137,Charrito_Log18_Pic_138.jpg,0.72,-0.024460088461637497,Charrito_Log18_Pic_138.jpg
138,Charrito_Log18_Pic_139.jpg,0.72,-0.025549929589033127,Charrito_Log18_Pic_139.jpg
139,Charrito_Log18_Pic_140.jpg,0.72,-0.0023651784285902977,Charrito_Log18_Pic_140.jpg
140,Charrito_Log18_Pic_141.jpg,0.73,-0.05097527801990509,Charrito_Log18_Pic_141.jpg
141,Charrito_Log18_Pic_142.jpg,0.73,0.0038204111624509096,Charrito_Log18_Pic_142.jpg
142,Charrito_Log18_Pic_143.jpg,0.73,-0.023072322830557823,Charrito_Log18_Pic_143.jpg
143,Charrito_Log18_Pic_144.jpg,0.73,0.031410034745931625,Charrito_Log18_Pic_144.jpg
144,Charrito_Log18_Pic_145.jpg,0.73,0.04019403085112572,Charrito_Log18_Pic_145.jpg
145,Charrito_Log18_Pic_146.jpg,0.73,0.04050764814019203,Charrito_Log18_Pic_146.jpg
146,Charrito_Log18_Pic_147.jpg,0.72,0.0445978008210659,Charrito_Log18_Pic_147.jpg
147,Charrito_Log18_Pic_148.jpg,0.72,0.045393574982881546,Charrito_Log18_Pic_148.jpg
148,Charrito_Log18_Pic_149.jpg,0.73,0.06666536629199982,Charrito_Log18_Pic_149.jpg
149,Charrito_Log18_Pic_150.jpg,0.73,0.08050913363695145,Charrito_Log18_Pic_150.jpg
150,Charrito_Log18_Pic_151.jpg,0.73,0.07124988734722137,Charrito_Log18_Pic_151.jpg
151,Charrito_Log18_Pic_152.jpg,0.73,0.03609883785247803,Charrito_Log18_Pic_152.jpg
152,Charrito_Log18_Pic_153.jpg,0.73,-0.055802926421165466,Charrito_Log18_Pic_153.jpg
153,Charrito_Log18_Pic_154.jpg,0.72,-0.06530772894620895,Charrito_Log18_Pic_154.jpg
154,Charrito_Log18_Pic_155.jpg,0.72,-0.11517331749200821,Charrito_Log18_Pic_155.jpg
155,Charrito_Log18_Pic_156.jpg,0.72,-0.09447450935840607,Charrito_Log18_Pic_156.jpg
156,Charrito_Log18_Pic_157.jpg,0.71,-0.08497823774814606,Charrito_Log18_Pic_157.jpg
157,Charrito_Log18_Pic_158.jpg,0.71,-0.14070402085781097,Charrito_Log18_Pic_158.jpg
158,Charrito_Log18_Pic_159.jpg,0.72,-0.008391535840928555,Charrito_Log18_Pic_159.jpg
159,Charrito_Log18_Pic_160.jpg,0.72,0.04995691031217575,Charrito_Log18_Pic_160.jpg
160,Charrito_Log18_Pic_161.jpg,0.73,0.06549243628978729,Charrito_Log18_Pic_161.jpg
161,Charrito_Log18_Pic_162.jpg,0.73,0.05312664806842804,Charrito_Log18_Pic_162.jpg
162,Charrito_Log18_Pic_163.jpg,0.73,0.07029629498720169,Charrito_Log18_Pic_163.jpg
163,Charrito_Log18_Pic_164.jpg,0.73,0.07301987707614899,Charrito_Log18_Pic_164.jpg
164,Charrito_Log18_Pic_165.jpg,0.73,0.0926532968878746,Charrito_Log18_Pic_165.jpg
165,Charrito_Log18_Pic_166.jpg,0.73,0.054822735488414764,Charrito_Log18_Pic_166.jpg
166,Charrito_Log18_Pic_167.jpg,0.73,0.0708293467760086,Charrito_Log18_Pic_167.jpg
167,Charrito_Log18_Pic_168.jpg,0.73,0.05686385929584503,Charrito_Log18_Pic_168.jpg
168,Charrito_Log18_Pic_169.jpg,0.73,0.036300692707300186,Charrito_Log18_Pic_169.jpg
169,Charrito_Log18_Pic_170.jpg,0.72,-0.005092800594866276,Charrito_Log18_Pic_170.jpg
170,Charrito_Log18_Pic_171.jpg,0.72,-0.02875949814915657,Charrito_Log18_Pic_171.jpg
171,Charrito_Log18_Pic_172.jpg,0.72,-0.022065283730626106,Charrito_Log18_Pic_172.jpg
172,Charrito_Log18_Pic_173.jpg,0.72,-0.05148068070411682,Charrito_Log18_Pic_173.jpg
173,Charrito_Log18_Pic_174.jpg,0.72,-0.12043183296918869,Charrito_Log18_Pic_174.jpg
174,Charrito_Log18_Pic_175.jpg,0.72,-0.027674265205860138,Charrito_Log18_Pic_175.jpg
175,Charrito_Log18_Pic_176.jpg,0.72,-0.02184385433793068,Charrito_Log18_Pic_176.jpg
176,Charrito_Log18_Pic_177.jpg,0.72,0.010951871052384377,Charrito_Log18_Pic_177.jpg
177,Charrito_Log18_Pic_178.jpg,0.72,0.037942707538604736,Charrito_Log18_Pic_178.jpg
178,Charrito_Log18_Pic_179.jpg,0.73,0.0416024774312973,Charrito_Log18_Pic_179.jpg
179,Charrito_Log18_Pic_180.jpg,0.73,0.05662498250603676,Charrito_Log18_Pic_180.jpg
180,Charrito_Log18_Pic_181.jpg,0.73,0.0019545427057892084,Charrito_Log18_Pic_181.jpg
181,Charrito_Log18_Pic_182.jpg,0.73,-0.011110072024166584,Charrito_Log18_Pic_182.jpg
182,Charrito_Log18_Pic_183.jpg,0.73,-0.02399435080587864,Charrito_Log18_Pic_183.jpg
183,Charrito_Log18_Pic_184.jpg,0.73,-0.025502538308501244,Charrito_Log18_Pic_184.jpg
184,Charrito_Log18_Pic_185.jpg,0.73,-0.10369890928268433,Charrito_Log18_Pic_185.jpg
185,Charrito_Log18_Pic_186.jpg,0.73,-0.12023887038230896,Charrito_Log18_Pic_186.jpg
186,Charrito_Log18_Pic_187.jpg,0.73,-0.017817070707678795,Charrito_Log18_Pic_187.jpg
187,Charrito_Log18_Pic_188.jpg,0.73,-0.13530586659908295,Charrito_Log18_Pic_188.jpg
188,Charrito_Log18_Pic_189.jpg,0.72,-0.22262389957904816,Charrito_Log18_Pic_189.jpg
189,Charrito_Log18_Pic_190.jpg,0.72,-0.18804413080215454,Charrito_Log18_Pic_190.jpg
190,Charrito_Log18_Pic_191.jpg,0.72,-0.016236158087849617,Charrito_Log18_Pic_191.jpg
191,Charrito_Log18_Pic_192.jpg,0.72,-0.015493076294660568,Charrito_Log18_Pic_192.jpg
192,Charrito_Log18_Pic_193.jpg,0.73,0.0053148409351706505,Charrito_Log18_Pic_193.jpg
193,Charrito_Log18_Pic_194.jpg,0.73,0.025242304429411888,Charrito_Log18_Pic_194.jpg
194,Charrito_Log18_Pic_195.jpg,0.73,0.03254132345318794,Charrito_Log18_Pic_195.jpg
195,Charrito_Log18_Pic_196.jpg,0.73,0.05862564221024513,Charrito_Log18_Pic_196.jpg
196,Charrito_Log18_Pic_197.jpg,0.73,0.04389631748199463,Charrito_Log18_Pic_197.jpg
197,Charrito_Log18_Pic_198.jpg,0.74,0.011685450561344624,Charrito_Log18_Pic_198.jpg
198,Charrito_Log18_Pic_199.jpg,0.74,0.008657698519527912,Charrito_Log18_Pic_199.jpg
199,Charrito_Log18_Pic_200.jpg,0.74,-0.010907279327511787,Charrito_Log18_Pic_200.jpg
200,Charrito_Log18_Pic_201.jpg,0.74,0.0111802713945508,Charrito_Log18_Pic_201.jpg
201,Charrito_Log18_Pic_202.jpg,0.74,0.0014704216737300158,Charrito_Log18_Pic_202.jpg
202,Charrito_Log18_Pic_203.jpg,0.74,-0.009329816326498985,Charrito_Log18_Pic_203.jpg
203,Charrito_Log18_Pic_204.jpg,0.73,-0.004781383089721203,Charrito_Log18_Pic_204.jpg
204,Charrito_Log18_Pic_205.jpg,0.73,0.004161780700087547,Charrito_Log18_Pic_205.jpg
205,Charrito_Log18_Pic_206.jpg,0.73,0.006509234197437763,Charrito_Log18_Pic_206.jpg
206,Charrito_Log18_Pic_207.jpg,0.73,0.016914186999201775,Charrito_Log18_Pic_207.jpg
207,Charrito_Log18_Pic_208.jpg,0.73,0.007168130949139595,Charrito_Log18_Pic_208.jpg
208,Charrito_Log18_Pic_209.jpg,0.73,-0.005482382141053677,Charrito_Log18_Pic_209.jpg
209,Charrito_Log18_Pic_210.jpg,0.73,-0.007362700998783112,Charrito_Log18_Pic_210.jpg
210,Charrito_Log18_Pic_211.jpg,0.73,-0.021405966952443123,Charrito_Log18_Pic_211.jpg
211,Charrito_Log18_Pic_212.jpg,0.72,-0.005778064951300621,Charrito_Log18_Pic_212.jpg
212,Charrito_Log18_Pic_213.jpg,0.72,0.0009016464464366436,Charrito_Log18_Pic_213.jpg
213,Charrito_Log18_Pic_214.jpg,0.72,-0.007489761337637901,Charrito_Log18_Pic_214.jpg
214,Charrito_Log18_Pic_215.jpg,0.72,0.020389806479215622,Charrito_Log18_Pic_215.jpg
215,Charrito_Log18_Pic_216.jpg,0.72,0.0030618279706686735,Charrito_Log18_Pic_216.jpg
216,Charrito_Log18_Pic_217.jpg,0.72,-0.027473799884319305,Charrito_Log18_Pic_217.jpg
217,Charrito_Log18_Pic_218.jpg,0.72,-0.047032903879880905,Charrito_Log18_Pic_218.jpg
218,Charrito_Log18_Pic_219.jpg,0.72,-0.05379040166735649,Charrito_Log18_Pic_219.jpg
219,Charrito_Log18_Pic_220.jpg,0.72,-0.06364338845014572,Charrito_Log18_Pic_220.jpg
220,Charrito_Log18_Pic_221.jpg,0.72,-0.027011899277567863,Charrito_Log18_Pic_221.jpg
221,Charrito_Log18_Pic_222.jpg,0.72,-0.021946027874946594,Charrito_Log18_Pic_222.jpg
222,Charrito_Log18_Pic_223.jpg,0.72,-0.0023348722606897354,Charrito_Log18_Pic_223.jpg
223,Charrito_Log18_Pic_224.jpg,0.72,-0.003900043200701475,Charrito_Log18_Pic_224.jpg
224,Charrito_Log18_Pic_225.jpg,0.72,-0.04675936698913574,Charrito_Log18_Pic_225.jpg
225,Charrito_Log18_Pic_226.jpg,0.72,-0.12311890721321106,Charrito_Log18_Pic_226.jpg
226,Charrito_Log18_Pic_227.jpg,0.72,-0.09655482321977615,Charrito_Log18_Pic_227.jpg
227,Charrito_Log18_Pic_228.jpg,0.72,-0.0039774710312485695,Charrito_Log18_Pic_228.jpg
228,Charrito_Log18_Pic_229.jpg,0.72,-0.01735055446624756,Charrito_Log18_Pic_229.jpg
229,Charrito_Log18_Pic_230.jpg,0.73,-0.018305426463484764,Charrito_Log18_Pic_230.jpg
230,Charrito_Log18_Pic_231.jpg,0.73,0.0027041591238230467,Charrito_Log18_Pic_231.jpg
231,Charrito_Log18_Pic_232.jpg,0.73,-0.014264082536101341,Charrito_Log18_Pic_232.jpg
232,Charrito_Log18_Pic_233.jpg,0.73,-0.0015423772856593132,Charrito_Log18_Pic_233.jpg
233,Charrito_Log18_Pic_234.jpg,0.73,-0.022760000079870224,Charrito_Log18_Pic_234.jpg
234,Charrito_Log18_Pic_235.jpg,0.73,-0.02888071909546852,Charrito_Log18_Pic_235.jpg
235,Charrito_Log18_Pic_236.jpg,0.73,-0.04066784307360649,Charrito_Log18_Pic_236.jpg
236,Charrito_Log18_Pic_237.jpg,0.73,-0.07208970934152603,Charrito_Log18_Pic_237.jpg
237,Charrito_Log18_Pic_238.jpg,0.73,-0.01801869086921215,Charrito_Log18_Pic_238.jpg
238,Charrito_Log18_Pic_239.jpg,0.73,-0.04025794938206673,Charrito_Log18_Pic_239.jpg
239,Charrito_Log18_Pic_240.jpg,0.73,0.007093943655490875,Charrito_Log18_Pic_240.jpg
240,Charrito_Log18_Pic_241.jpg,0.73,-0.0003082052571699023,Charrito_Log18_Pic_241.jpg
241,Charrito_Log18_Pic_242.jpg,0.73,-0.015849189832806587,Charrito_Log18_Pic_242.jpg
242,Charrito_Log18_Pic_243.jpg,0.73,-0.04035116732120514,Charrito_Log18_Pic_243.jpg
243,Charrito_Log18_Pic_244.jpg,0.73,0.02516830712556839,Charrito_Log18_Pic_244.jpg
244,Charrito_Log18_Pic_245.jpg,0.73,-0.007804550230503082,Charrito_Log18_Pic_245.jpg
245,Charrito_Log18_Pic_246.jpg,0.73,-0.01477971114218235,Charrito_Log18_Pic_246.jpg
246,Charrito_Log18_Pic_247.jpg,0.72,-0.03669266402721405,Charrito_Log18_Pic_247.jpg
247,Charrito_Log18_Pic_248.jpg,0.72,-0.030109668150544167,Charrito_Log18_Pic_248.jpg
248,Charrito_Log18_Pic_249.jpg,0.72,-0.049050573259592056,Charrito_Log18_Pic_249.jpg
249,Charrito_Log18_Pic_250.jpg,0.72,-0.02523651532828808,Charrito_Log18_Pic_250.jpg
250,Charrito_Log18_Pic_251.jpg,0.72,-0.13904878497123718,Charrito_Log18_Pic_251.jpg
251,Charrito_Log18_Pic_252.jpg,0.72,-0.28081509470939636,Charrito_Log18_Pic_252.jpg
252,Charrito_Log18_Pic_253.jpg,0.72,-0.31126919388771057,Charrito_Log18_Pic_253.jpg
253,Charrito_Log18_Pic_254.jpg,0.73,-0.018766088411211967,Charrito_Log18_Pic_254.jpg
254,Charrito_Log18_Pic_255.jpg,0.73,0.01734425500035286,Charrito_Log18_Pic_255.jpg
255,Charrito_Log18_Pic_256.jpg,0.73,0.02375572733581066,Charrito_Log18_Pic_256.jpg
256,Charrito_Log18_Pic_257.jpg,0.73,0.011602764017879963,Charrito_Log18_Pic_257.jpg
257,Charrito_Log18_Pic_258.jpg,0.73,0.011398562230169773,Charrito_Log18_Pic_258.jpg
258,Charrito_Log18_Pic_259.jpg,0.73,0.05918608233332634,Charrito_Log18_Pic_259.jpg
259,Charrito_Log18_Pic_260.jpg,0.73,0.037034083157777786,Charrito_Log18_Pic_260.jpg
260,Charrito_Log18_Pic_261.jpg,0.73,0.014706019312143326,Charrito_Log18_Pic_261.jpg
261,Charrito_Log18_Pic_262.jpg,0.73,-0.021534353494644165,Charrito_Log18_Pic_262.jpg
262,Charrito_Log18_Pic_263.jpg,0.72,-0.015183388255536556,Charrito_Log18_Pic_263.jpg
263,Charrito_Log18_Pic_264.jpg,0.72,-0.09010743349790573,Charrito_Log18_Pic_264.jpg
264,Charrito_Log18_Pic_265.jpg,0.72,-0.0652233362197876,Charrito_Log18_Pic_265.jpg
265,Charrito_Log18_Pic_266.jpg,0.72,-0.035017989575862885,Charrito_Log18_Pic_266.jpg
266,Charrito_Log18_Pic_267.jpg,0.72,-0.025148630142211914,Charrito_Log18_Pic_267.jpg
267,Charrito_Log18_Pic_268.jpg,0.72,0.011233682744204998,Charrito_Log18_Pic_268.jpg
268,Charrito_Log18_Pic_269.jpg,0.72,-0.00642747338861227,Charrito_Log18_Pic_269.jpg
269,Charrito_Log18_Pic_270.jpg,0.72,0.018609952181577682,Charrito_Log18_Pic_270.jpg
270,Charrito_Log18_Pic_271.jpg,0.73,0.04303668811917305,Charrito_Log18_Pic_271.jpg
271,Charrito_Log18_Pic_272.jpg,0.73,0.060835350304841995,Charrito_Log18_Pic_272.jpg
272,Charrito_Log18_Pic_273.jpg,0.73,0.05515352636575699,Charrito_Log18_Pic_273.jpg
273,Charrito_Log18_Pic_274.jpg,0.73,0.08375664800405502,Charrito_Log18_Pic_274.jpg
274,Charrito_Log18_Pic_275.jpg,0.73,0.0754217579960823,Charrito_Log18_Pic_275.jpg
275,Charrito_Log18_Pic_276.jpg,0.73,0.08533302694559097,Charrito_Log18_Pic_276.jpg
276,Charrito_Log18_Pic_277.jpg,0.74,0.10810063034296036,Charrito_Log18_Pic_277.jpg
277,Charrito_Log18_Pic_278.jpg,0.74,0.10301102697849274,Charrito_Log18_Pic_278.jpg
278,Charrito_Log18_Pic_279.jpg,0.74,0.059488072991371155,Charrito_Log18_Pic_279.jpg
279,Charrito_Log18_Pic_280.jpg,0.73,0.005427316762506962,Charrito_Log18_Pic_280.jpg
280,Charrito_Log18_Pic_281.jpg,0.73,-0.07778902351856232,Charrito_Log18_Pic_281.jpg
281,Charrito_Log18_Pic_282.jpg,0.73,-0.1451789289712906,Charrito_Log18_Pic_282.jpg
282,Charrito_Log18_Pic_283.jpg,0.72,-0.16707901656627655,Charrito_Log18_Pic_283.jpg
283,Charrito_Log18_Pic_284.jpg,0.72,-0.16360047459602356,Charrito_Log18_Pic_284.jpg
284,Charrito_Log18_Pic_285.jpg,0.72,-0.16451925039291382,Charrito_Log18_Pic_285.jpg
285,Charrito_Log18_Pic_286.jpg,0.71,-0.11871611326932907,Charrito_Log18_Pic_286.jpg
286,Charrito_Log18_Pic_287.jpg,0.71,-0.12524527311325073,Charrito_Log18_Pic_287.jpg
287,Charrito_Log18_Pic_288.jpg,0.71,-0.1142752394080162,Charrito_Log18_Pic_288.jpg
288,Charrito_Log18_Pic_289.jpg,0.72,-0.1393841952085495,Charrito_Log18_Pic_289.jpg
289,Charrito_Log18_Pic_290.jpg,0.72,-0.017626646906137466,Charrito_Log18_Pic_290.jpg
290,Charrito_Log18_Pic_291.jpg,0.72,-0.01575976051390171,Charrito_Log18_Pic_291.jpg
291,Charrito_Log18_Pic_292.jpg,0.72,0.007969156838953495,Charrito_Log18_Pic_292.jpg
292,Charrito_Log18_Pic_293.jpg,0.72,0.0007123267278075218,Charrito_Log18_Pic_293.jpg
293,Charrito_Log18_Pic_294.jpg,0.72,-0.027136413380503654,Charrito_Log18_Pic_294.jpg
294,Charrito_Log18_Pic_295.jpg,0.73,-0.02752271667122841,Charrito_Log18_Pic_295.jpg
295,Charrito_Log18_Pic_296.jpg,0.73,-0.02425343170762062,Charrito_Log18_Pic_296.jpg
296,Charrito_Log18_Pic_297.jpg,0.73,-0.048813920468091965,Charrito_Log18_Pic_297.jpg
297,Charrito_Log18_Pic_298.jpg,0.73,-0.08696030080318451,Charrito_Log18_Pic_298.jpg
298,Charrito_Log18_Pic_299.jpg,0.73,-0.23063106834888458,Charrito_Log18_Pic_299.jpg
299,Charrito_Log18_Pic_300.jpg,0.72,-0.24189738929271698,Charrito_Log18_Pic_300.jpg
300,Charrito_Log18_Pic_301.jpg,0.71,-0.22548925876617432,Charrito_Log18_Pic_301.jpg
301,Charrito_Log18_Pic_302.jpg,0.71,-0.30501511693000793,Charrito_Log18_Pic_302.jpg
302,Charrito_Log18_Pic_303.jpg,0.71,-0.3344462811946869,Charrito_Log18_Pic_303.jpg
303,Charrito_Log18_Pic_304.jpg,0.72,-0.20290103554725647,Charrito_Log18_Pic_304.jpg
304,Charrito_Log18_Pic_305.jpg,0.72,-0.11967159807682037,Charrito_Log18_Pic_305.jpg
305,Charrito_Log18_Pic_306.jpg,0.72,-0.1017700806260109,Charrito_Log18_Pic_306.jpg
306,Charrito_Log18_Pic_307.jpg,0.72,-0.12231700122356415,Charrito_Log18_Pic_307.jpg
307,Charrito_Log18_Pic_308.jpg,0.72,-0.13739626109600067,Charrito_Log18_Pic_308.jpg
308,Charrito_Log18_Pic_309.jpg,0.72,-0.19278264045715332,Charrito_Log18_Pic_309.jpg
309,Charrito_Log18_Pic_310.jpg,0.71,-0.20242592692375183,Charrito_Log18_Pic_310.jpg
310,Charrito_Log18_Pic_311.jpg,0.71,-0.21025194227695465,Charrito_Log18_Pic_311.jpg
311,Charrito_Log18_Pic_312.jpg,0.71,-0.14747343957424164,Charrito_Log18_Pic_312.jpg
312,Charrito_Log18_Pic_313.jpg,0.72,-0.14391610026359558,Charrito_Log18_Pic_313.jpg
313,Charrito_Log18_Pic_314.jpg,0.72,-0.033229827880859375,Charrito_Log18_Pic_314.jpg
314,Charrito_Log18_Pic_315.jpg,0.72,-0.12687459588050842,Charrito_Log18_Pic_315.jpg
315,Charrito_Log18_Pic_316.jpg,0.72,-0.19602975249290466,Charrito_Log18_Pic_316.jpg
316,Charrito_Log18_Pic_317.jpg,0.71,-0.17896811664104462,Charrito_Log18_Pic_317.jpg
317,Charrito_Log18_Pic_318.jpg,0.72,-0.13548454642295837,Charrito_Log18_Pic_318.jpg
318,Charrito_Log18_Pic_319.jpg,0.72,-0.033158790320158005,Charrito_Log18_Pic_319.jpg
319,Charrito_Log18_Pic_320.jpg,0.73,0.04843771085143089,Charrito_Log18_Pic_320.jpg
320,Charrito_Log18_Pic_321.jpg,0.73,0.060682881623506546,Charrito_Log18_Pic_321.jpg
321,Charrito_Log18_Pic_322.jpg,0.74,0.030481860041618347,Charrito_Log18_Pic_322.jpg
322,Charrito_Log18_Pic_323.jpg,0.74,0.13970819115638733,Charrito_Log18_Pic_323.jpg
323,Charrito_Log18_Pic_324.jpg,0.73,0.016817307099699974,Charrito_Log18_Pic_324.jpg
324,Charrito_Log18_Pic_325.jpg,0.73,-0.0022648286540061235,Charrito_Log18_Pic_325.jpg
325,Charrito_Log18_Pic_326.jpg,0.72,0.04642711579799652,Charrito_Log18_Pic_326.jpg
326,Charrito_Log18_Pic_327.jpg,0.72,-0.020000116899609566,Charrito_Log18_Pic_327.jpg
327,Charrito_Log18_Pic_328.jpg,0.71,-0.12640036642551422,Charrito_Log18_Pic_328.jpg
328,Charrito_Log18_Pic_329.jpg,0.71,-0.0040293289348483086,Charrito_Log18_Pic_329.jpg
329,Charrito_Log18_Pic_330.jpg,0.72,-0.28641241788864136,Charrito_Log18_Pic_330.jpg
330,Charrito_Log18_Pic_331.jpg,0.73,-0.06125394254922867,Charrito_Log18_Pic_331.jpg
331,Charrito_Log18_Pic_332.jpg,0.73,-0.01624145917594433,Charrito_Log18_Pic_332.jpg
332,Charrito_Log18_Pic_333.jpg,0.73,0.01129172183573246,Charrito_Log18_Pic_333.jpg
333,Charrito_Log18_Pic_334.jpg,0.73,0.007075798697769642,Charrito_Log18_Pic_334.jpg
334,Charrito_Log18_Pic_335.jpg,0.73,0.008707123808562756,Charrito_Log18_Pic_335.jpg
335,Charrito_Log18_Pic_336.jpg,0.74,0.0076596615836024284,Charrito_Log18_Pic_336.jpg
336,Charrito_Log18_Pic_337.jpg,0.74,-0.011791483499109745,Charrito_Log18_Pic_337.jpg
337,Charrito_Log18_Pic_338.jpg,0.74,0.02817739173769951,Charrito_Log18_Pic_338.jpg
338,Charrito_Log18_Pic_339.jpg,0.73,0.0211116224527359,Charrito_Log18_Pic_339.jpg
339,Charrito_Log18_Pic_340.jpg,0.73,-0.0017304018838331103,Charrito_Log18_Pic_340.jpg
340,Charrito_Log18_Pic_341.jpg,0.72,-0.01542649045586586,Charrito_Log18_Pic_341.jpg
341,Charrito_Log18_Pic_342.jpg,0.72,-0.04046154394745827,Charrito_Log18_Pic_342.jpg
342,Charrito_Log18_Pic_343.jpg,0.72,-0.014923565089702606,Charrito_Log18_Pic_343.jpg
343,Charrito_Log18_Pic_344.jpg,0.72,-0.2547288239002228,Charrito_Log18_Pic_344.jpg
344,Charrito_Log18_Pic_345.jpg,0.71,-0.281812846660614,Charrito_Log18_Pic_345.jpg
345,Charrito_Log18_Pic_346.jpg,0.71,-0.24410797655582428,Charrito_Log18_Pic_346.jpg
346,Charrito_Log18_Pic_347.jpg,0.72,-0.17003722488880157,Charrito_Log18_Pic_347.jpg
347,Charrito_Log18_Pic_348.jpg,0.72,-0.11036033183336258,Charrito_Log18_Pic_348.jpg
348,Charrito_Log18_Pic_349.jpg,0.72,-0.09801557660102844,Charrito_Log18_Pic_349.jpg
349,Charrito_Log18_Pic_350.jpg,0.72,-0.024323908612132072,Charrito_Log18_Pic_350.jpg
350,Charrito_Log18_Pic_351.jpg,0.73,0.0008127659093588591,Charrito_Log18_Pic_351.jpg
351,Charrito_Log18_Pic_352.jpg,0.73,0.02813570201396942,Charrito_Log18_Pic_352.jpg
352,Charrito_Log18_Pic_353.jpg,0.73,-0.028826016932725906,Charrito_Log18_Pic_353.jpg
353,Charrito_Log18_Pic_354.jpg,0.73,-0.04583974555134773,Charrito_Log18_Pic_354.jpg
354,Charrito_Log18_Pic_355.jpg,0.73,-0.015451259911060333,Charrito_Log18_Pic_355.jpg
355,Charrito_Log18_Pic_356.jpg,0.73,-0.051670707762241364,Charrito_Log18_Pic_356.jpg
356,Charrito_Log18_Pic_357.jpg,0.73,-0.03759688511490822,Charrito_Log18_Pic_357.jpg
357,Charrito_Log18_Pic_358.jpg,0.73,-0.045700255781412125,Charrito_Log18_Pic_358.jpg
358,Charrito_Log18_Pic_359.jpg,0.73,-0.058948006480932236,Charrito_Log18_Pic_359.jpg
359,Charrito_Log18_Pic_360.jpg,0.73,-0.02334861271083355,Charrito_Log18_Pic_360.jpg
360,Charrito_Log18_Pic_361.jpg,0.72,-0.06710914522409439,Charrito_Log18_Pic_361.jpg
361,Charrito_Log18_Pic_362.jpg,0.72,-0.05208572372794151,Charrito_Log18_Pic_362.jpg
362,Charrito_Log18_Pic_363.jpg,0.73,-0.038191057741642,Charrito_Log18_Pic_363.jpg
363,Charrito_Log18_Pic_364.jpg,0.73,-0.04260493814945221,Charrito_Log18_Pic_364.jpg
364,Charrito_Log18_Pic_365.jpg,0.73,-0.10838375240564346,Charrito_Log18_Pic_365.jpg
365,Charrito_Log18_Pic_366.jpg,0.73,-0.06567004323005676,Charrito_Log18_Pic_366.jpg
366,Charrito_Log18_Pic_367.jpg,0.73,-0.038166143000125885,Charrito_Log18_Pic_367.jpg
367,Charrito_Log18_Pic_368.jpg,0.73,0.055082935839891434,Charrito_Log18_Pic_368.jpg
368,Charrito_Log18_Pic_369.jpg,0.73,-0.00713192205876112,Charrito_Log18_Pic_369.jpg
369,Charrito_Log18_Pic_370.jpg,0.73,0.04890766739845276,Charrito_Log18_Pic_370.jpg
370,Charrito_Log18_Pic_371.jpg,0.73,0.001770953880622983,Charrito_Log18_Pic_371.jpg
371,Charrito_Log18_Pic_372.jpg,0.73,0.05690322816371918,Charrito_Log18_Pic_372.jpg
372,Charrito_Log18_Pic_373.jpg,0.73,0.0003215938340872526,Charrito_Log18_Pic_373.jpg
373,Charrito_Log18_Pic_374.jpg,0.72,-0.050220899283885956,Charrito_Log18_Pic_374.jpg
374,Charrito_Log18_Pic_375.jpg,0.72,-0.13611651957035065,Charrito_Log18_Pic_375.jpg
375,Charrito_Log18_Pic_376.jpg,0.72,0.0012170376721769571,Charrito_Log18_Pic_376.jpg
376,Charrito_Log18_Pic_377.jpg,0.72,-0.04357586055994034,Charrito_Log18_Pic_377.jpg
377,Charrito_Log18_Pic_378.jpg,0.72,-0.12343630939722061,Charrito_Log18_Pic_378.jpg
378,Charrito_Log18_Pic_379.jpg,0.72,-0.040463101118803024,Charrito_Log18_Pic_379.jpg
379,Charrito_Log18_Pic_380.jpg,0.73,-0.002270726952701807,Charrito_Log18_Pic_380.jpg
380,Charrito_Log18_Pic_381.jpg,0.73,0.04271401837468147,Charrito_Log18_Pic_381.jpg
381,Charrito_Log18_Pic_382.jpg,0.73,0.0552222803235054,Charrito_Log18_Pic_382.jpg
382,Charrito_Log18_Pic_383.jpg,0.73,-0.02408624440431595,Charrito_Log18_Pic_383.jpg
383,Charrito_Log18_Pic_384.jpg,0.73,-0.06749434769153595,Charrito_Log18_Pic_384.jpg
384,Charrito_Log18_Pic_385.jpg,0.73,-0.07746083289384842,Charrito_Log18_Pic_385.jpg
385,Charrito_Log18_Pic_386.jpg,0.72,-0.051813021302223206,Charrito_Log18_Pic_386.jpg
386,Charrito_Log18_Pic_387.jpg,0.72,-0.12654708325862885,Charrito_Log18_Pic_387.jpg
387,Charrito_Log18_Pic_388.jpg,0.73,-0.061288997530937195,Charrito_Log18_Pic_388.jpg
388,Charrito_Log18_Pic_389.jpg,0.73,0.010496944189071655,Charrito_Log18_Pic_389.jpg
389,Charrito_Log18_Pic_390.jpg,0.74,0.02439793385565281,Charrito_Log18_Pic_390.jpg
390,Charrito_Log18_Pic_391.jpg,0.74,0.012597469612956047,Charrito_Log18_Pic_391.jpg
391,Charrito_Log18_Pic_392.jpg,0.73,-0.007341408170759678,Charrito_Log18_Pic_392.jpg
392,Charrito_Log18_Pic_393.jpg,0.73,-0.09246845543384552,Charrito_Log18_Pic_393.jpg
393,Charrito_Log18_Pic_394.jpg,0.72,-0.21254710853099823,Charrito_Log18_Pic_394.jpg
394,Charrito_Log18_Pic_395.jpg,0.72,-0.27786415815353394,Charrito_Log18_Pic_395.jpg
395,Charrito_Log18_Pic_396.jpg,0.72,-0.2641591429710388,Charrito_Log18_Pic_396.jpg
396,Charrito_Log18_Pic_397.jpg,0.72,-0.19689343869686127,Charrito_Log18_Pic_397.jpg
397,Charrito_Log18_Pic_398.jpg,0.72,-0.21158160269260406,Charrito_Log18_Pic_398.jpg
398,Charrito_Log18_Pic_399.jpg,0.72,-0.1361905336380005,Charrito_Log18_Pic_399.jpg
399,Charrito_Log18_Pic_400.jpg,0.72,-0.25017470121383667,Charrito_Log18_Pic_400.jpg
400,Charrito_Log18_Pic_401.jpg,0.72,-0.2907780110836029,Charrito_Log18_Pic_401.jpg
401,Charrito_Log18_Pic_402.jpg,0.72,-0.17569926381111145,Charrito_Log18_Pic_402.jpg
402,Charrito_Log18_Pic_403.jpg,0.72,-0.12193961441516876,Charrito_Log18_Pic_403.jpg
403,Charrito_Log18_Pic_404.jpg,0.72,-0.09492693841457367,Charrito_Log18_Pic_404.jpg
404,Charrito_Log18_Pic_405.jpg,0.72,-0.07460671663284302,Charrito_Log18_Pic_405.jpg
405,Charrito_Log18_Pic_406.jpg,0.72,-0.07053874433040619,Charrito_Log18_Pic_406.jpg
406,Charrito_Log18_Pic_407.jpg,0.72,-0.19856931269168854,Charrito_Log18_Pic_407.jpg
407,Charrito_Log18_Pic_408.jpg,0.72,-0.13900408148765564,Charrito_Log18_Pic_408.jpg
408,Charrito_Log18_Pic_409.jpg,0.72,-0.14732962846755981,Charrito_Log18_Pic_409.jpg
409,Charrito_Log18_Pic_410.jpg,0.72,-0.15586350858211517,Charrito_Log18_Pic_410.jpg
410,Charrito_Log18_Pic_411.jpg,0.73,-0.23464448750019073,Charrito_Log18_Pic_411.jpg
411,Charrito_Log18_Pic_412.jpg,0.73,-0.030662549659609795,Charrito_Log18_Pic_412.jpg
412,Charrito_Log18_Pic_413.jpg,0.73,-0.0011651410022750497,Charrito_Log18_Pic_413.jpg
413,Charrito_Log18_Pic_414.jpg,0.73,-0.02166931889951229,Charrito_Log18_Pic_414.jpg
414,Charrito_Log18_Pic_415.jpg,0.73,-0.02079211175441742,Charrito_Log18_Pic_415.jpg
415,Charrito_Log18_Pic_416.jpg,0.73,-0.024532170966267586,Charrito_Log18_Pic_416.jpg
416,Charrito_Log18_Pic_417.jpg,0.73,-0.03475541993975639,Charrito_Log18_Pic_417.jpg
417,Charrito_Log18_Pic_418.jpg,0.73,-0.0269868616014719,Charrito_Log18_Pic_418.jpg
418,Charrito_Log18_Pic_419.jpg,0.73,-0.07566376775503159,Charrito_Log18_Pic_419.jpg
419,Charrito_Log18_Pic_420.jpg,0.72,-0.15149694681167603,Charrito_Log18_Pic_420.jpg
420,Charrito_Log18_Pic_421.jpg,0.72,-0.1505914330482483,Charrito_Log18_Pic_421.jpg
421,Charrito_Log18_Pic_422.jpg,0.72,-0.1076679527759552,Charrito_Log18_Pic_422.jpg
422,Charrito_Log18_Pic_423.jpg,0.72,-0.04883613437414169,Charrito_Log18_Pic_423.jpg
423,Charrito_Log18_Pic_424.jpg,0.72,-0.07603704184293747,Charrito_Log18_Pic_424.jpg
424,Charrito_Log18_Pic_425.jpg,0.72,-0.061598051339387894,Charrito_Log18_Pic_425.jpg
425,Charrito_Log18_Pic_426.jpg,0.72,0.013091115280985832,Charrito_Log18_Pic_426.jpg
426,Charrito_Log18_Pic_427.jpg,0.73,0.049590740352869034,Charrito_Log18_Pic_427.jpg
427,Charrito_Log18_Pic_428.jpg,0.73,0.025160811841487885,Charrito_Log18_Pic_428.jpg
428,Charrito_Log18_Pic_429.jpg,0.73,0.02895004115998745,Charrito_Log18_Pic_429.jpg
429,Charrito_Log18_Pic_430.jpg,0.73,0.06229950860142708,Charrito_Log18_Pic_430.jpg
430,Charrito_Log18_Pic_431.jpg,0.73,0.08831772208213806,Charrito_Log18_Pic_431.jpg
431,Charrito_Log18_Pic_432.jpg,0.73,0.014929771423339844,Charrito_Log18_Pic_432.jpg
432,Charrito_Log18_Pic_433.jpg,0.72,-0.031181979924440384,Charrito_Log18_Pic_433.jpg
433,Charrito_Log18_Pic_434.jpg,0.72,-0.06476306915283203,Charrito_Log18_Pic_434.jpg
434,Charrito_Log18_Pic_435.jpg,0.72,-0.11438412964344025,Charrito_Log18_Pic_435.jpg
435,Charrito_Log18_Pic_436.jpg,0.72,-0.12662920355796814,Charrito_Log18_Pic_436.jpg
436,Charrito_Log18_Pic_437.jpg,0.72,-0.09252556413412094,Charrito_Log18_Pic_437.jpg
437,Charrito_Log18_Pic_438.jpg,0.72,-0.05416141450405121,Charrito_Log18_Pic_438.jpg
438,Charrito_Log18_Pic_439.jpg,0.73,-0.035993337631225586,Charrito_Log18_Pic_439.jpg
439,Charrito_Log18_Pic_440.jpg,0.73,-0.04455007240176201,Charrito_Log18_Pic_440.jpg
440,Charrito_Log18_Pic_441.jpg,0.73,-0.020911913365125656,Charrito_Log18_Pic_441.jpg
441,Charrito_Log18_Pic_442.jpg,0.73,-0.03889051824808121,Charrito_Log18_Pic_442.jpg
442,Charrito_Log18_Pic_443.jpg,0.72,-0.06701444834470749,Charrito_Log18_Pic_443.jpg
443,Charrito_Log18_Pic_444.jpg,0.72,-0.05861537903547287,Charrito_Log18_Pic_444.jpg
444,Charrito_Log18_Pic_445.jpg,0.72,-0.06617475301027298,Charrito_Log18_Pic_445.jpg
445,Charrito_Log18_Pic_446.jpg,0.72,0.025278283283114433,Charrito_Log18_Pic_446.jpg
446,Charrito_Log18_Pic_447.jpg,0.72,-0.019732842221856117,Charrito_Log18_Pic_447.jpg
447,Charrito_Log18_Pic_448.jpg,0.72,0.019533619284629822,Charrito_Log18_Pic_448.jpg
448,Charrito_Log18_Pic_449.jpg,0.73,0.031009037047624588,Charrito_Log18_Pic_449.jpg
449,Charrito_Log18_Pic_450.jpg,0.73,-0.023509908467531204,Charrito_Log18_Pic_450.jpg
450,Charrito_Log18_Pic_451.jpg,0.73,-0.001666663447394967,Charrito_Log18_Pic_451.jpg
451,Charrito_Log18_Pic_452.jpg,0.73,-0.09300164133310318,Charrito_Log18_Pic_452.jpg
452,Charrito_Log18_Pic_453.jpg,0.73,0.03902505710721016,Charrito_Log18_Pic_453.jpg
453,Charrito_Log18_Pic_454.jpg,0.73,0.033034324645996094,Charrito_Log18_Pic_454.jpg
454,Charrito_Log18_Pic_455.jpg,0.73,0.015438960865139961,Charrito_Log18_Pic_455.jpg
455,Charrito_Log18_Pic_456.jpg,0.73,0.011379463598132133,Charrito_Log18_Pic_456.jpg
456,Charrito_Log18_Pic_457.jpg,0.74,0.012111292220652103,Charrito_Log18_Pic_457.jpg
457,Charrito_Log18_Pic_458.jpg,0.74,-0.010673225857317448,Charrito_Log18_Pic_458.jpg
458,Charrito_Log18_Pic_459.jpg,0.73,0.013388298451900482,Charrito_Log18_Pic_459.jpg
459,Charrito_Log18_Pic_460.jpg,0.73,-0.018502116203308105,Charrito_Log18_Pic_460.jpg
460,Charrito_Log18_Pic_461.jpg,0.73,-0.03341943398118019,Charrito_Log18_Pic_461.jpg
461,Charrito_Log18_Pic_462.jpg,0.73,-0.04976573586463928,Charrito_Log18_Pic_462.jpg
462,Charrito_Log18_Pic_463.jpg,0.73,-0.1093585416674614,Charrito_Log18_Pic_463.jpg
463,Charrito_Log18_Pic_464.jpg,0.72,-0.10666488856077194,Charrito_Log18_Pic_464.jpg
464,Charrito_Log18_Pic_465.jpg,0.72,-0.14552564918994904,Charrito_Log18_Pic_465.jpg
465,Charrito_Log18_Pic_466.jpg,0.72,-0.05750146135687828,Charrito_Log18_Pic_466.jpg
466,Charrito_Log18_Pic_467.jpg,0.72,-0.02799791842699051,Charrito_Log18_Pic_467.jpg
467,Charrito_Log18_Pic_468.jpg,0.72,-0.017734264954924583,Charrito_Log18_Pic_468.jpg
468,Charrito_Log18_Pic_469.jpg,0.72,-0.025565188378095627,Charrito_Log18_Pic_469.jpg
469,Charrito_Log18_Pic_470.jpg,0.73,0.03181466832756996,Charrito_Log18_Pic_470.jpg
470,Charrito_Log18_Pic_471.jpg,0.73,0.03836964815855026,Charrito_Log18_Pic_471.jpg
471,Charrito_Log18_Pic_472.jpg,0.73,0.023153861984610558,Charrito_Log18_Pic_472.jpg
472,Charrito_Log18_Pic_473.jpg,0.73,0.030396737158298492,Charrito_Log18_Pic_473.jpg
473,Charrito_Log18_Pic_474.jpg,0.72,-0.01789706014096737,Charrito_Log18_Pic_474.jpg
474,Charrito_Log18_Pic_475.jpg,0.72,-0.0877436175942421,Charrito_Log18_Pic_475.jpg
475,Charrito_Log18_Pic_476.jpg,0.73,-0.08468198776245117,Charrito_Log18_Pic_476.jpg
476,Charrito_Log18_Pic_477.jpg,0.73,-0.11887134611606598,Charrito_Log18_Pic_477.jpg
477,Charrito_Log18_Pic_478.jpg,0.73,-0.2135879099369049,Charrito_Log18_Pic_478.jpg
478,Charrito_Log18_Pic_479.jpg,0.73,-0.24794337153434753,Charrito_Log18_Pic_479.jpg
479,Charrito_Log18_Pic_480.jpg,0.72,-0.2350916564464569,Charrito_Log18_Pic_480.jpg
480,Charrito_Log18_Pic_481.jpg,0.72,-0.2503879964351654,Charrito_Log18_Pic_481.jpg
481,Charrito_Log18_Pic_482.jpg,0.72,-0.23241455852985382,Charrito_Log18_Pic_482.jpg
482,Charrito_Log18_Pic_483.jpg,0.72,-0.16259315609931946,Charrito_Log18_Pic_483.jpg
483,Charrito_Log18_Pic_484.jpg,0.72,-0.1428639441728592,Charrito_Log18_Pic_484.jpg
484,Charrito_Log18_Pic_485.jpg,0.72,-0.09959302842617035,Charrito_Log18_Pic_485.jpg
485,Charrito_Log18_Pic_486.jpg,0.72,-0.04457662254571915,Charrito_Log18_Pic_486.jpg
486,Charrito_Log18_Pic_487.jpg,0.72,-0.013716240413486958,Charrito_Log18_Pic_487.jpg
487,Charrito_Log18_Pic_488.jpg,0.72,-0.011609419248998165,Charrito_Log18_Pic_488.jpg
488,Charrito_Log18_Pic_489.jpg,0.72,-0.05315669625997543,Charrito_Log18_Pic_489.jpg
489,Charrito_Log18_Pic_490.jpg,0.72,-0.0034784639719873667,Charrito_Log18_Pic_490.jpg
490,Charrito_Log18_Pic_491.jpg,0.72,0.00398294348269701,Charrito_Log18_Pic_491.jpg
491,Charrito_Log18_Pic_492.jpg,0.73,0.015259142965078354,Charrito_Log18_Pic_492.jpg
492,Charrito_Log18_Pic_493.jpg,0.73,0.018035918474197388,Charrito_Log18_Pic_493.jpg
493,Charrito_Log18_Pic_494.jpg,0.73,-0.011363115161657333,Charrito_Log18_Pic_494.jpg
494,Charrito_Log18_Pic_495.jpg,0.73,0.04075977951288223,Charrito_Log18_Pic_495.jpg
495,Charrito_Log18_Pic_496.jpg,0.73,0.03421584889292717,Charrito_Log18_Pic_496.jpg
496,Charrito_Log18_Pic_497.jpg,0.72,-0.0003750902833417058,Charrito_Log18_Pic_497.jpg
497,Charrito_Log18_Pic_498.jpg,0.72,-0.023462962359189987,Charrito_Log18_Pic_498.jpg
498,Charrito_Log18_Pic_499.jpg,0.72,0.010799551382660866,Charrito_Log18_Pic_499.jpg
499,Charrito_Log18_Pic_500.jpg,0.72,0.003966445103287697,Charrito_Log18_Pic_500.jpg
500,Charrito_Log18_Pic_501.jpg,0.72,-0.0033924332819879055,Charrito_Log18_Pic_501.jpg
501,Charrito_Log18_Pic_502.jpg,0.73,0.0074233124032616615,Charrito_Log18_Pic_502.jpg
502,Charrito_Log18_Pic_503.jpg,0.73,-0.017014911398291588,Charrito_Log18_Pic_503.jpg
503,Charrito_Log18_Pic_504.jpg,0.73,-0.008774260990321636,Charrito_Log18_Pic_504.jpg
504,Charrito_Log18_Pic_505.jpg,0.74,-0.001577063463628292,Charrito_Log18_Pic_505.jpg
505,Charrito_Log18_Pic_506.jpg,0.74,0.0013085599057376385,Charrito_Log18_Pic_506.jpg
506,Charrito_Log18_Pic_507.jpg,0.73,-0.01814298890531063,Charrito_Log18_Pic_507.jpg
507,Charrito_Log18_Pic_508.jpg,0.73,-0.07711495459079742,Charrito_Log18_Pic_508.jpg
508,Charrito_Log18_Pic_509.jpg,0.72,-0.15293025970458984,Charrito_Log18_Pic_509.jpg
509,Charrito_Log18_Pic_510.jpg,0.72,-0.15464112162590027,Charrito_Log18_Pic_510.jpg
510,Charrito_Log18_Pic_511.jpg,0.71,-0.2011452615261078,Charrito_Log18_Pic_511.jpg
511,Charrito_Log18_Pic_512.jpg,0.72,-0.35321560502052307,Charrito_Log18_Pic_512.jpg
512,Charrito_Log18_Pic_513.jpg,0.72,-0.21880820393562317,Charrito_Log18_Pic_513.jpg
513,Charrito_Log18_Pic_514.jpg,0.72,-0.20701967179775238,Charrito_Log18_Pic_514.jpg
514,Charrito_Log18_Pic_515.jpg,0.72,-0.24396169185638428,Charrito_Log18_Pic_515.jpg
515,Charrito_Log18_Pic_516.jpg,0.72,-0.10050516575574875,Charrito_Log18_Pic_516.jpg
516,Charrito_Log18_Pic_517.jpg,0.72,-0.047295182943344116,Charrito_Log18_Pic_517.jpg
517,Charrito_Log18_Pic_518.jpg,0.72,-0.06967981904745102,Charrito_Log18_Pic_518.jpg
518,Charrito_Log18_Pic_519.jpg,0.72,-0.044998347759246826,Charrito_Log18_Pic_519.jpg
519,Charrito_Log18_Pic_520.jpg,0.72,-0.022938918322324753,Charrito_Log18_Pic_520.jpg
520,Charrito_Log18_Pic_521.jpg,0.72,0.00482232216745615,Charrito_Log18_Pic_521.jpg
521,Charrito_Log18_Pic_522.jpg,0.72,0.025734495371580124,Charrito_Log18_Pic_522.jpg
522,Charrito_Log18_Pic_523.jpg,0.72,0.014926932752132416,Charrito_Log18_Pic_523.jpg
523,Charrito_Log18_Pic_524.jpg,0.73,0.05015157535672188,Charrito_Log18_Pic_524.jpg
524,Charrito_Log18_Pic_525.jpg,0.73,0.025661764666438103,Charrito_Log18_Pic_525.jpg
525,Charrito_Log18_Pic_526.jpg,0.73,0.017460495233535767,Charrito_Log18_Pic_526.jpg
526,Charrito_Log18_Pic_527.jpg,0.73,-0.06483695656061172,Charrito_Log18_Pic_527.jpg
527,Charrito_Log18_Pic_528.jpg,0.73,0.005009138025343418,Charrito_Log18_Pic_528.jpg
528,Charrito_Log18_Pic_529.jpg,0.73,-0.06970013678073883,Charrito_Log18_Pic_529.jpg
529,Charrito_Log18_Pic_530.jpg,0.72,-0.04919787496328354,Charrito_Log18_Pic_530.jpg
530,Charrito_Log18_Pic_531.jpg,0.72,-0.0731145367026329,Charrito_Log18_Pic_531.jpg
531,Charrito_Log18_Pic_532.jpg,0.72,-0.15291516482830048,Charrito_Log18_Pic_532.jpg
532,Charrito_Log18_Pic_533.jpg,0.72,-0.06025407463312149,Charrito_Log18_Pic_533.jpg
533,Charrito_Log18_Pic_534.jpg,0.72,-0.051645804196596146,Charrito_Log18_Pic_534.jpg
534,Charrito_Log18_Pic_535.jpg,0.73,-0.013949866406619549,Charrito_Log18_Pic_535.jpg
535,Charrito_Log18_Pic_536.jpg,0.73,-0.1189885139465332,Charrito_Log18_Pic_536.jpg
536,Charrito_Log18_Pic_537.jpg,0.73,-0.08519724756479263,Charrito_Log18_Pic_537.jpg
537,Charrito_Log18_Pic_538.jpg,0.73,-0.14138540625572205,Charrito_Log18_Pic_538.jpg
538,Charrito_Log18_Pic_539.jpg,0.73,-0.21117275953292847,Charrito_Log18_Pic_539.jpg
539,Charrito_Log18_Pic_540.jpg,0.73,-0.14676500856876373,Charrito_Log18_Pic_540.jpg
540,Charrito_Log18_Pic_541.jpg,0.72,-0.22717376053333282,Charrito_Log18_Pic_541.jpg
541,Charrito_Log18_Pic_542.jpg,0.72,-0.19889529049396515,Charrito_Log18_Pic_542.jpg
542,Charrito_Log18_Pic_543.jpg,0.71,-0.03558976948261261,Charrito_Log18_Pic_543.jpg
543,Charrito_Log18_Pic_544.jpg,0.71,-0.16170674562454224,Charrito_Log18_Pic_544.jpg
544,Charrito_Log18_Pic_545.jpg,0.71,-0.3664633631706238,Charrito_Log18_Pic_545.jpg
545,Charrito_Log18_Pic_546.jpg,0.71,-0.2310863584280014,Charrito_Log18_Pic_546.jpg
546,Charrito_Log18_Pic_547.jpg,0.71,-0.18134953081607819,Charrito_Log18_Pic_547.jpg
547,Charrito_Log18_Pic_548.jpg,0.71,-0.17126746475696564,Charrito_Log18_Pic_548.jpg
548,Charrito_Log18_Pic_549.jpg,0.71,-0.22842848300933838,Charrito_Log18_Pic_549.jpg
549,Charrito_Log18_Pic_550.jpg,0.72,-0.15850621461868286,Charrito_Log18_Pic_550.jpg
550,Charrito_Log18_Pic_551.jpg,0.72,-0.11823098361492157,Charrito_Log18_Pic_551.jpg
551,Charrito_Log18_Pic_552.jpg,0.72,-0.044161248952150345,Charrito_Log18_Pic_552.jpg
552,Charrito_Log18_Pic_553.jpg,0.73,-0.046172916889190674,Charrito_Log18_Pic_553.jpg
553,Charrito_Log18_Pic_554.jpg,0.73,-0.0015794415958225727,Charrito_Log18_Pic_554.jpg
554,Charrito_Log18_Pic_555.jpg,0.73,-0.05721823126077652,Charrito_Log18_Pic_555.jpg
555,Charrito_Log18_Pic_556.jpg,0.73,0.023071588948369026,Charrito_Log18_Pic_556.jpg
556,Charrito_Log18_Pic_557.jpg,0.72,-0.04661789909005165,Charrito_Log18_Pic_557.jpg
557,Charrito_Log18_Pic_558.jpg,0.72,-0.07842965424060822,Charrito_Log18_Pic_558.jpg
558,Charrito_Log18_Pic_559.jpg,0.72,-0.030367380008101463,Charrito_Log18_Pic_559.jpg
559,Charrito_Log18_Pic_560.jpg,0.72,-0.04653831943869591,Charrito_Log18_Pic_560.jpg
560,Charrito_Log18_Pic_561.jpg,0.72,-0.044012054800987244,Charrito_Log18_Pic_561.jpg
561,Charrito_Log18_Pic_562.jpg,0.72,-0.024029884487390518,Charrito_Log18_Pic_562.jpg
562,Charrito_Log18_Pic_563.jpg,0.73,0.022128604352474213,Charrito_Log18_Pic_563.jpg
563,Charrito_Log18_Pic_564.jpg,0.73,0.16701164841651917,Charrito_Log18_Pic_564.jpg
564,Charrito_Log18_Pic_565.jpg,0.73,0.12524622678756714,Charrito_Log18_Pic_565.jpg
565,Charrito_Log18_Pic_566.jpg,0.73,0.0773351788520813,Charrito_Log18_Pic_566.jpg
566,Charrito_Log18_Pic_567.jpg,0.73,0.058028627187013626,Charrito_Log18_Pic_567.jpg
567,Charrito_Log18_Pic_568.jpg,0.73,-0.02675202675163746,Charrito_Log18_Pic_568.jpg
568,Charrito_Log18_Pic_569.jpg,0.73,-0.09782802313566208,Charrito_Log18_Pic_569.jpg
569,Charrito_Log18_Pic_570.jpg,0.73,-0.015912216156721115,Charrito_Log18_Pic_570.jpg
570,Charrito_Log18_Pic_571.jpg,0.72,-0.04706702381372452,Charrito_Log18_Pic_571.jpg
571,Charrito_Log18_Pic_572.jpg,0.72,-0.0778876468539238,Charrito_Log18_Pic_572.jpg
572,Charrito_Log18_Pic_573.jpg,0.72,-0.12497203052043915,Charrito_Log18_Pic_573.jpg
573,Charrito_Log18_Pic_574.jpg,0.72,-0.04331357777118683,Charrito_Log18_Pic_574.jpg
574,Charrito_Log18_Pic_575.jpg,0.72,-0.02106807753443718,Charrito_Log18_Pic_575.jpg
575,Charrito_Log18_Pic_576.jpg,0.73,-0.164495050907135,Charrito_Log18_Pic_576.jpg
576,Charrito_Log18_Pic_577.jpg,0.73,-0.08686106652021408,Charrito_Log18_Pic_577.jpg
577,Charrito_Log18_Pic_578.jpg,0.73,-0.04116009548306465,Charrito_Log18_Pic_578.jpg
578,Charrito_Log18_Pic_579.jpg,0.73,-0.0150840412825346,Charrito_Log18_Pic_579.jpg
579,Charrito_Log18_Pic_580.jpg,0.72,0.01229068636894226,Charrito_Log18_Pic_580.jpg
580,Charrito_Log18_Pic_581.jpg,0.72,-0.030118072405457497,Charrito_Log18_Pic_581.jpg
581,Charrito_Log18_Pic_582.jpg,0.72,-0.0363825187087059,Charrito_Log18_Pic_582.jpg
582,Charrito_Log18_Pic_583.jpg,0.72,-0.08674673736095428,Charrito_Log18_Pic_583.jpg
583,Charrito_Log18_Pic_584.jpg,0.72,-0.08118131756782532,Charrito_Log18_Pic_584.jpg
584,Charrito_Log18_Pic_585.jpg,0.72,-0.03319152072072029,Charrito_Log18_Pic_585.jpg
585,Charrito_Log18_Pic_586.jpg,0.72,-0.04607833921909332,Charrito_Log18_Pic_586.jpg
586,Charrito_Log18_Pic_587.jpg,0.73,-0.02266671508550644,Charrito_Log18_Pic_587.jpg
587,Charrito_Log18_Pic_588.jpg,0.73,-0.037472840398550034,Charrito_Log18_Pic_588.jpg
588,Charrito_Log18_Pic_589.jpg,0.73,-0.01730445586144924,Charrito_Log18_Pic_589.jpg
589,Charrito_Log18_Pic_590.jpg,0.73,-0.0931582897901535,Charrito_Log18_Pic_590.jpg
590,Charrito_Log18_Pic_591.jpg,0.72,-0.13078972697257996,Charrito_Log18_Pic_591.jpg
591,Charrito_Log18_Pic_592.jpg,0.72,-0.15384402871131897,Charrito_Log18_Pic_592.jpg
592,Charrito_Log18_Pic_593.jpg,0.72,-0.13849759101867676,Charrito_Log18_Pic_593.jpg
593,Charrito_Log18_Pic_594.jpg,0.72,-0.1001737043261528,Charrito_Log18_Pic_594.jpg
594,Charrito_Log18_Pic_595.jpg,0.71,-0.14453093707561493,Charrito_Log18_Pic_595.jpg
595,Charrito_Log18_Pic_596.jpg,0.71,-0.17644089460372925,Charrito_Log18_Pic_596.jpg
596,Charrito_Log18_Pic_597.jpg,0.72,-0.16999638080596924,Charrito_Log18_Pic_597.jpg
597,Charrito_Log18_Pic_598.jpg,0.72,-0.10629372298717499,Charrito_Log18_Pic_598.jpg
598,Charrito_Log18_Pic_599.jpg,0.72,-0.1446123868227005,Charrito_Log18_Pic_599.jpg
599,Charrito_Log18_Pic_600.jpg,0.72,-0.17621152102947235,Charrito_Log18_Pic_600.jpg
600,Charrito_Log18_Pic_601.jpg,0.72,-0.14495329558849335,Charrito_Log18_Pic_601.jpg
601,Charrito_Log18_Pic_602.jpg,0.72,0.00017069769091904163,Charrito_Log18_Pic_602.jpg
602,Charrito_Log18_Pic_603.jpg,0.72,-0.027047699317336082,Charrito_Log18_Pic_603.jpg
603,Charrito_Log18_Pic_604.jpg,0.72,-0.04364242032170296,Charrito_Log18_Pic_604.jpg
604,Charrito_Log18_Pic_605.jpg,0.72,-0.0685344710946083,Charrito_Log18_Pic_605.jpg
605,Charrito_Log18_Pic_606.jpg,0.72,-0.06041300669312477,Charrito_Log18_Pic_606.jpg
606,Charrito_Log18_Pic_607.jpg,0.72,-0.09845346212387085,Charrito_Log18_Pic_607.jpg
607,Charrito_Log18_Pic_608.jpg,0.72,-0.11468839645385742,Charrito_Log18_Pic_608.jpg
608,Charrito_Log18_Pic_609.jpg,0.72,-0.16164031624794006,Charrito_Log18_Pic_609.jpg
609,Charrito_Log18_Pic_610.jpg,0.72,-0.13638854026794434,Charrito_Log18_Pic_610.jpg
610,Charrito_Log18_Pic_611.jpg,0.72,-0.10627703368663788,Charrito_Log18_Pic_611.jpg
611,Charrito_Log18_Pic_612.jpg,0.72,-0.12239865213632584,Charrito_Log18_Pic_612.jpg
612,Charrito_Log18_Pic_613.jpg,0.72,-0.10169608145952225,Charrito_Log18_Pic_613.jpg
613,Charrito_Log18_Pic_614.jpg,0.72,-0.10899200290441513,Charrito_Log18_Pic_614.jpg
614,Charrito_Log18_Pic_615.jpg,0.72,-0.12221495807170868,Charrito_Log18_Pic_615.jpg
615,Charrito_Log18_Pic_616.jpg,0.72,-0.1486458033323288,Charrito_Log18_Pic_616.jpg
616,Charrito_Log18_Pic_617.jpg,0.72,-0.12189294397830963,Charrito_Log18_Pic_617.jpg
617,Charrito_Log18_Pic_618.jpg,0.72,-0.11803232878446579,Charrito_Log18_Pic_618.jpg
618,Charrito_Log18_Pic_619.jpg,0.72,-0.1436363011598587,Charrito_Log18_Pic_619.jpg
619,Charrito_Log18_Pic_620.jpg,0.72,-0.1217869222164154,Charrito_Log18_Pic_620.jpg
620,Charrito_Log18_Pic_621.jpg,0.72,-0.10269416868686676,Charrito_Log18_Pic_621.jpg
621,Charrito_Log18_Pic_622.jpg,0.72,-0.0677257850766182,Charrito_Log18_Pic_622.jpg
622,Charrito_Log18_Pic_623.jpg,0.72,-0.0729752853512764,Charrito_Log18_Pic_623.jpg
623,Charrito_Log18_Pic_624.jpg,0.72,-0.03168942779302597,Charrito_Log18_Pic_624.jpg
624,Charrito_Log18_Pic_625.jpg,0.72,-0.02062167599797249,Charrito_Log18_Pic_625.jpg
625,Charrito_Log18_Pic_626.jpg,0.72,-0.04484717175364494,Charrito_Log18_Pic_626.jpg
626,Charrito_Log18_Pic_627.jpg,0.73,-0.026922691613435745,Charrito_Log18_Pic_627.jpg
627,Charrito_Log18_Pic_628.jpg,0.73,-0.009082973934710026,Charrito_Log18_Pic_628.jpg
628,Charrito_Log18_Pic_629.jpg,0.73,-0.007463550195097923,Charrito_Log18_Pic_629.jpg
629,Charrito_Log18_Pic_630.jpg,0.72,-0.06303901225328445,Charrito_Log18_Pic_630.jpg
630,Charrito_Log18_Pic_631.jpg,0.72,-0.09487792104482651,Charrito_Log18_Pic_631.jpg
631,Charrito_Log18_Pic_632.jpg,0.72,-0.07267444580793381,Charrito_Log18_Pic_632.jpg
632,Charrito_Log18_Pic_633.jpg,0.72,-0.04207078367471695,Charrito_Log18_Pic_633.jpg
633,Charrito_Log18_Pic_634.jpg,0.72,-0.02314433827996254,Charrito_Log18_Pic_634.jpg
634,Charrito_Log18_Pic_635.jpg,0.72,-0.011681554839015007,Charrito_Log18_Pic_635.jpg
635,Charrito_Log18_Pic_636.jpg,0.72,-0.007471667602658272,Charrito_Log18_Pic_636.jpg
636,Charrito_Log18_Pic_637.jpg,0.72,0.01303703524172306,Charrito_Log18_Pic_637.jpg
637,Charrito_Log18_Pic_638.jpg,0.72,0.012908078730106354,Charrito_Log18_Pic_638.jpg
638,Charrito_Log18_Pic_639.jpg,0.72,0.022542783990502357,Charrito_Log18_Pic_639.jpg
639,Charrito_Log18_Pic_640.jpg,0.72,0.034595828503370285,Charrito_Log18_Pic_640.jpg
640,Charrito_Log18_Pic_641.jpg,0.73,0.04521935433149338,Charrito_Log18_Pic_641.jpg
641,Charrito_Log18_Pic_642.jpg,0.73,0.04892907664179802,Charrito_Log18_Pic_642.jpg
642,Charrito_Log18_Pic_643.jpg,0.73,0.05212503671646118,Charrito_Log18_Pic_643.jpg
643,Charrito_Log18_Pic_644.jpg,0.73,0.05817142874002457,Charrito_Log18_Pic_644.jpg
644,Charrito_Log18_Pic_645.jpg,0.73,0.057518064975738525,Charrito_Log18_Pic_645.jpg
645,Charrito_Log18_Pic_646.jpg,0.73,0.04993463680148125,Charrito_Log18_Pic_646.jpg
646,Charrito_Log18_Pic_647.jpg,0.72,0.0346747525036335,Charrito_Log18_Pic_647.jpg
647,Charrito_Log18_Pic_648.jpg,0.72,0.021039724349975586,Charrito_Log18_Pic_648.jpg
648,Charrito_Log18_Pic_649.jpg,0.72,0.005321195349097252,Charrito_Log18_Pic_649.jpg
649,Charrito_Log18_Pic_650.jpg,0.73,-0.00830947607755661,Charrito_Log18_Pic_650.jpg
650,Charrito_Log18_Pic_651.jpg,0.73,0.025757037103176117,Charrito_Log18_Pic_651.jpg
651,Charrito_Log18_Pic_652.jpg,0.73,0.03038221225142479,Charrito_Log18_Pic_652.jpg
652,Charrito_Log18_Pic_653.jpg,0.73,0.028573838993906975,Charrito_Log18_Pic_653.jpg
653,Charrito_Log18_Pic_654.jpg,0.73,0.013949887827038765,Charrito_Log18_Pic_654.jpg
654,Charrito_Log18_Pic_655.jpg,0.73,-0.006519393064081669,Charrito_Log18_Pic_655.jpg
655,Charrito_Log18_Pic_656.jpg,0.73,0.0019112576264888048,Charrito_Log18_Pic_656.jpg
656,Charrito_Log18_Pic_657.jpg,0.73,-0.06680584698915482,Charrito_Log18_Pic_657.jpg
657,Charrito_Log18_Pic_658.jpg,0.72,-0.07057146728038788,Charrito_Log18_Pic_658.jpg
658,Charrito_Log18_Pic_659.jpg,0.72,-0.16771841049194336,Charrito_Log18_Pic_659.jpg
659,Charrito_Log18_Pic_660.jpg,0.71,-0.20202741026878357,Charrito_Log18_Pic_660.jpg
660,Charrito_Log18_Pic_661.jpg,0.71,-0.16197457909584045,Charrito_Log18_Pic_661.jpg
661,Charrito_Log18_Pic_662.jpg,0.72,-0.07987111806869507,Charrito_Log18_Pic_662.jpg
662,Charrito_Log18_Pic_663.jpg,0.72,-0.01106704119592905,Charrito_Log18_Pic_663.jpg
663,Charrito_Log18_Pic_664.jpg,0.72,-0.0014083265559747815,Charrito_Log18_Pic_664.jpg
664,Charrito_Log18_Pic_665.jpg,0.72,0.006526137702167034,Charrito_Log18_Pic_665.jpg
665,Charrito_Log18_Pic_666.jpg,0.73,0.03022925555706024,Charrito_Log18_Pic_666.jpg
666,Charrito_Log18_Pic_667.jpg,0.73,0.03567420691251755,Charrito_Log18_Pic_667.jpg
667,Charrito_Log18_Pic_668.jpg,0.73,0.02457595057785511,Charrito_Log18_Pic_668.jpg
668,Charrito_Log18_Pic_669.jpg,0.73,0.02141331508755684,Charrito_Log18_Pic_669.jpg
669,Charrito_Log18_Pic_670.jpg,0.73,-0.0022728610783815384,Charrito_Log18_Pic_670.jpg
670,Charrito_Log18_Pic_671.jpg,0.73,0.0016925004310905933,Charrito_Log18_Pic_671.jpg
671,Charrito_Log18_Pic_672.jpg,0.73,-0.028761837631464005,Charrito_Log18_Pic_672.jpg
672,Charrito_Log18_Pic_673.jpg,0.73,-0.06323777884244919,Charrito_Log18_Pic_673.jpg
673,Charrito_Log18_Pic_674.jpg,0.73,-0.09426261484622955,Charrito_Log18_Pic_674.jpg
674,Charrito_Log18_Pic_675.jpg,0.72,-0.11656344681978226,Charrito_Log18_Pic_675.jpg
675,Charrito_Log18_Pic_676.jpg,0.72,-0.1658586859703064,Charrito_Log18_Pic_676.jpg
676,Charrito_Log18_Pic_677.jpg,0.71,-0.17411556839942932,Charrito_Log18_Pic_677.jpg
677,Charrito_Log18_Pic_678.jpg,0.71,-0.1211799904704094,Charrito_Log18_Pic_678.jpg
678,Charrito_Log18_Pic_679.jpg,0.71,-0.04484626278281212,Charrito_Log18_Pic_679.jpg
679,Charrito_Log18_Pic_680.jpg,0.71,-0.05330225080251694,Charrito_Log18_Pic_680.jpg
680,Charrito_Log18_Pic_681.jpg,0.71,-0.005905528087168932,Charrito_Log18_Pic_681.jpg
681,Charrito_Log18_Pic_682.jpg,0.72,0.014141248539090157,Charrito_Log18_Pic_682.jpg
682,Charrito_Log18_Pic_683.jpg,0.73,0.03087737411260605,Charrito_Log18_Pic_683.jpg
683,Charrito_Log18_Pic_684.jpg,0.73,0.024013077840209007,Charrito_Log18_Pic_684.jpg
684,Charrito_Log18_Pic_685.jpg,0.73,0.021261874586343765,Charrito_Log18_Pic_685.jpg
685,Charrito_Log18_Pic_686.jpg,0.73,0.02924305573105812,Charrito_Log18_Pic_686.jpg
686,Charrito_Log18_Pic_687.jpg,0.73,0.04324483126401901,Charrito_Log18_Pic_687.jpg
687,Charrito_Log18_Pic_688.jpg,0.73,0.027546418830752373,Charrito_Log18_Pic_688.jpg
688,Charrito_Log18_Pic_689.jpg,0.74,0.04057067632675171,Charrito_Log18_Pic_689.jpg
689,Charrito_Log18_Pic_690.jpg,0.74,0.04361262172460556,Charrito_Log18_Pic_690.jpg
690,Charrito_Log18_Pic_691.jpg,0.74,0.003477031597867608,Charrito_Log18_Pic_691.jpg
691,Charrito_Log18_Pic_692.jpg,0.73,-0.04052990302443504,Charrito_Log18_Pic_692.jpg
692,Charrito_Log18_Pic_693.jpg,0.73,-0.2060764878988266,Charrito_Log18_Pic_693.jpg
693,Charrito_Log18_Pic_694.jpg,0.72,-0.18746496737003326,Charrito_Log18_Pic_694.jpg
694,Charrito_Log18_Pic_695.jpg,0.72,-0.2532777786254883,Charrito_Log18_Pic_695.jpg
695,Charrito_Log18_Pic_696.jpg,0.72,-0.2116875946521759,Charrito_Log18_Pic_696.jpg
696,Charrito_Log18_Pic_697.jpg,0.71,-0.2082345336675644,Charrito_Log18_Pic_697.jpg
697,Charrito_Log18_Pic_698.jpg,0.71,-0.22986561059951782,Charrito_Log18_Pic_698.jpg
698,Charrito_Log18_Pic_699.jpg,0.72,-0.08528532832860947,Charrito_Log18_Pic_699.jpg
699,Charrito_Log18_Pic_700.jpg,0.72,-0.021285098046064377,Charrito_Log18_Pic_700.jpg
700,Charrito_Log18_Pic_701.jpg,0.72,-0.0003803645959123969,Charrito_Log18_Pic_701.jpg
701,Charrito_Log18_Pic_702.jpg,0.73,0.07208020240068436,Charrito_Log18_Pic_702.jpg
702,Charrito_Log18_Pic_703.jpg,0.73,0.10961869359016418,Charrito_Log18_Pic_703.jpg
703,Charrito_Log18_Pic_704.jpg,0.73,0.060592252761125565,Charrito_Log18_Pic_704.jpg
704,Charrito_Log18_Pic_705.jpg,0.73,0.0020742493215948343,Charrito_Log18_Pic_705.jpg
705,Charrito_Log18_Pic_706.jpg,0.74,-0.04431655630469322,Charrito_Log18_Pic_706.jpg
706,Charrito_Log18_Pic_707.jpg,0.74,-0.1314876675605774,Charrito_Log18_Pic_707.jpg
707,Charrito_Log18_Pic_708.jpg,0.73,-0.10527212917804718,Charrito_Log18_Pic_708.jpg
708,Charrito_Log18_Pic_709.jpg,0.73,-0.09561020880937576,Charrito_Log18_Pic_709.jpg
709,Charrito_Log18_Pic_710.jpg,0.73,-0.014191427268087864,Charrito_Log18_Pic_710.jpg
710,Charrito_Log18_Pic_711.jpg,0.73,-0.06465461105108261,Charrito_Log18_Pic_711.jpg
711,Charrito_Log18_Pic_712.jpg,0.73,0.028257029131054878,Charrito_Log18_Pic_712.jpg
712,Charrito_Log18_Pic_713.jpg,0.73,-0.03824947029352188,Charrito_Log18_Pic_713.jpg
713,Charrito_Log18_Pic_714.jpg,0.73,0.01311236061155796,Charrito_Log18_Pic_714.jpg
714,Charrito_Log18_Pic_715.jpg,0.73,0.05882823467254639,Charrito_Log18_Pic_715.jpg
715,Charrito_Log18_Pic_716.jpg,0.74,0.03458227217197418,Charrito_Log18_Pic_716.jpg
716,Charrito_Log18_Pic_717.jpg,0.74,0.05837629362940788,Charrito_Log18_Pic_717.jpg
717,Charrito_Log18_Pic_718.jpg,0.74,0.02860177867114544,Charrito_Log18_Pic_718.jpg
718,Charrito_Log18_Pic_719.jpg,0.73,0.016316166147589684,Charrito_Log18_Pic_719.jpg
719,Charrito_Log18_Pic_720.jpg,0.73,0.005248235538601875,Charrito_Log18_Pic_720.jpg
720,Charrito_Log18_Pic_721.jpg,0.73,-0.10328619182109833,Charrito_Log18_Pic_721.jpg
721,Charrito_Log18_Pic_722.jpg,0.73,-0.11001276224851608,Charrito_Log18_Pic_722.jpg
722,Charrito_Log18_Pic_723.jpg,0.72,-0.13249297440052032,Charrito_Log18_Pic_723.jpg
723,Charrito_Log18_Pic_724.jpg,0.72,-0.19632317125797272,Charrito_Log18_Pic_724.jpg
724,Charrito_Log18_Pic_725.jpg,0.72,-0.2660708725452423,Charrito_Log18_Pic_725.jpg
725,Charrito_Log18_Pic_726.jpg,0.71,-0.19885100424289703,Charrito_Log18_Pic_726.jpg
726,Charrito_Log18_Pic_727.jpg,0.71,-0.14399407804012299,Charrito_Log18_Pic_727.jpg
727,Charrito_Log18_Pic_728.jpg,0.72,0.0014785481616854668,Charrito_Log18_Pic_728.jpg
728,Charrito_Log18_Pic_729.jpg,0.73,0.038055844604969025,Charrito_Log18_Pic_729.jpg
729,Charrito_Log18_Pic_730.jpg,0.74,0.10798417776823044,Charrito_Log18_Pic_730.jpg
730,Charrito_Log18_Pic_731.jpg,0.74,0.13875633478164673,Charrito_Log18_Pic_731.jpg
731,Charrito_Log18_Pic_732.jpg,0.74,0.12513042986392975,Charrito_Log18_Pic_732.jpg
732,Charrito_Log18_Pic_733.jpg,0.74,0.040256671607494354,Charrito_Log18_Pic_733.jpg
733,Charrito_Log18_Pic_734.jpg,0.74,0.09680475294589996,Charrito_Log18_Pic_734.jpg
734,Charrito_Log18_Pic_735.jpg,0.74,0.05865230783820152,Charrito_Log18_Pic_735.jpg
735,Charrito_Log18_Pic_736.jpg,0.73,0.028788741677999496,Charrito_Log18_Pic_736.jpg
736,Charrito_Log18_Pic_737.jpg,0.72,-0.0582788847386837,Charrito_Log18_Pic_737.jpg
737,Charrito_Log18_Pic_738.jpg,0.72,-0.04752873629331589,Charrito_Log18_Pic_738.jpg
738,Charrito_Log18_Pic_739.jpg,0.72,-0.053605057299137115,Charrito_Log18_Pic_739.jpg
739,Charrito_Log18_Pic_740.jpg,0.72,-0.03166040778160095,Charrito_Log18_Pic_740.jpg
740,Charrito_Log18_Pic_741.jpg,0.73,-0.02171405218541622,Charrito_Log18_Pic_741.jpg
741,Charrito_Log18_Pic_742.jpg,0.73,0.013074107468128204,Charrito_Log18_Pic_742.jpg
742,Charrito_Log18_Pic_743.jpg,0.72,-0.0018519234145060182,Charrito_Log18_Pic_743.jpg
743,Charrito_Log18_Pic_744.jpg,0.72,-0.04723116010427475,Charrito_Log18_Pic_744.jpg
744,Charrito_Log18_Pic_745.jpg,0.72,-0.036967188119888306,Charrito_Log18_Pic_745.jpg
745,Charrito_Log18_Pic_746.jpg,0.72,-0.019731683656573296,Charrito_Log18_Pic_746.jpg
746,Charrito_Log18_Pic_747.jpg,0.72,-0.013976573012769222,Charrito_Log18_Pic_747.jpg
747,Charrito_Log18_Pic_748.jpg,0.73,-0.06816848367452621,Charrito_Log18_Pic_748.jpg
748,Charrito_Log18_Pic_749.jpg,0.73,-0.02303122729063034,Charrito_Log18_Pic_749.jpg
749,Charrito_Log18_Pic_750.jpg,0.73,-0.02730276621878147,Charrito_Log18_Pic_750.jpg
750,Charrito_Log18_Pic_751.jpg,0.73,-0.07727333158254623,Charrito_Log18_Pic_751.jpg
751,Charrito_Log18_Pic_752.jpg,0.73,-0.07778910547494888,Charrito_Log18_Pic_752.jpg
752,Charrito_Log18_Pic_753.jpg,0.73,-0.042001839727163315,Charrito_Log18_Pic_753.jpg
753,Charrito_Log18_Pic_754.jpg,0.73,-0.03892561420798302,Charrito_Log18_Pic_754.jpg
754,Charrito_Log18_Pic_755.jpg,0.72,-0.017156755551695824,Charrito_Log18_Pic_755.jpg
755,Charrito_Log18_Pic_756.jpg,0.72,-0.05677275359630585,Charrito_Log18_Pic_756.jpg
756,Charrito_Log18_Pic_757.jpg,0.72,-0.08201209455728531,Charrito_Log18_Pic_757.jpg
757,Charrito_Log18_Pic_758.jpg,0.72,-0.0737418606877327,Charrito_Log18_Pic_758.jpg
758,Charrito_Log18_Pic_759.jpg,0.72,-0.03160223364830017,Charrito_Log18_Pic_759.jpg
759,Charrito_Log18_Pic_760.jpg,0.72,-0.037529971450567245,Charrito_Log18_Pic_760.jpg
760,Charrito_Log18_Pic_761.jpg,0.72,-0.07019152492284775,Charrito_Log18_Pic_761.jpg
761,Charrito_Log18_Pic_762.jpg,0.72,-0.1325446516275406,Charrito_Log18_Pic_762.jpg
762,Charrito_Log18_Pic_763.jpg,0.72,-0.07773255556821823,Charrito_Log18_Pic_763.jpg
763,Charrito_Log18_Pic_764.jpg,0.72,-0.10979307442903519,Charrito_Log18_Pic_764.jpg
764,Charrito_Log18_Pic_765.jpg,0.72,-0.08163867890834808,Charrito_Log18_Pic_765.jpg
765,Charrito_Log18_Pic_766.jpg,0.72,-0.11625513434410095,Charrito_Log18_Pic_766.jpg
766,Charrito_Log18_Pic_767.jpg,0.72,-0.21348226070404053,Charrito_Log18_Pic_767.jpg
767,Charrito_Log18_Pic_768.jpg,0.72,-0.09119001030921936,Charrito_Log18_Pic_768.jpg
768,Charrito_Log18_Pic_769.jpg,0.73,-0.22424113750457764,Charrito_Log18_Pic_769.jpg
769,Charrito_Log18_Pic_770.jpg,0.73,-0.16184043884277344,Charrito_Log18_Pic_770.jpg
770,Charrito_Log18_Pic_771.jpg,0.73,-0.17654624581336975,Charrito_Log18_Pic_771.jpg
771,Charrito_Log18_Pic_772.jpg,0.73,-0.11009356379508972,Charrito_Log18_Pic_772.jpg
772,Charrito_Log18_Pic_773.jpg,0.72,-0.14733967185020447,Charrito_Log18_Pic_773.jpg
773,Charrito_Log18_Pic_774.jpg,0.72,-0.053571268916130066,Charrito_Log18_Pic_774.jpg
774,Charrito_Log18_Pic_775.jpg,0.72,-0.01587323285639286,Charrito_Log18_Pic_775.jpg
775,Charrito_Log18_Pic_776.jpg,0.72,-0.061836034059524536,Charrito_Log18_Pic_776.jpg
776,Charrito_Log18_Pic_777.jpg,0.73,-0.053141623735427856,Charrito_Log18_Pic_777.jpg
777,Charrito_Log18_Pic_778.jpg,0.73,0.008686947636306286,Charrito_Log18_Pic_778.jpg
778,Charrito_Log18_Pic_779.jpg,0.73,0.01402861624956131,Charrito_Log18_Pic_779.jpg
779,Charrito_Log18_Pic_780.jpg,0.72,0.013042462058365345,Charrito_Log18_Pic_780.jpg
780,Charrito_Log18_Pic_781.jpg,0.72,-0.02769102342426777,Charrito_Log18_Pic_781.jpg
781,Charrito_Log18_Pic_782.jpg,0.72,-0.00899170059710741,Charrito_Log18_Pic_782.jpg
782,Charrito_Log18_Pic_783.jpg,0.73,-0.04884697124361992,Charrito_Log18_Pic_783.jpg
783,Charrito_Log18_Pic_784.jpg,0.73,-0.04305623471736908,Charrito_Log18_Pic_784.jpg
784,Charrito_Log18_Pic_785.jpg,0.73,-0.07215284556150436,Charrito_Log18_Pic_785.jpg
785,Charrito_Log18_Pic_786.jpg,0.73,-0.07362674176692963,Charrito_Log18_Pic_786.jpg
786,Charrito_Log18_Pic_787.jpg,0.73,-0.1839933693408966,Charrito_Log18_Pic_787.jpg
787,Charrito_Log18_Pic_788.jpg,0.72,-0.28002166748046875,Charrito_Log18_Pic_788.jpg
788,Charrito_Log18_Pic_789.jpg,0.72,-0.17147274315357208,Charrito_Log18_Pic_789.jpg
789,Charrito_Log18_Pic_790.jpg,0.72,-0.24549296498298645,Charrito_Log18_Pic_790.jpg
790,Charrito_Log18_Pic_791.jpg,0.72,-0.2292364090681076,Charrito_Log18_Pic_791.jpg
791,Charrito_Log18_Pic_792.jpg,0.72,-0.22407987713813782,Charrito_Log18_Pic_792.jpg
792,Charrito_Log18_Pic_793.jpg,0.72,-0.2082672417163849,Charrito_Log18_Pic_793.jpg
793,Charrito_Log18_Pic_794.jpg,0.72,-0.1890922486782074,Charrito_Log18_Pic_794.jpg
794,Charrito_Log18_Pic_795.jpg,0.71,-0.24185217916965485,Charrito_Log18_Pic_795.jpg
795,Charrito_Log18_Pic_796.jpg,0.71,-0.15738633275032043,Charrito_Log18_Pic_796.jpg
796,Charrito_Log18_Pic_797.jpg,0.72,-0.1004214882850647,Charrito_Log18_Pic_797.jpg
797,Charrito_Log18_Pic_798.jpg,0.72,0.005568435415625572,Charrito_Log18_Pic_798.jpg
798,Charrito_Log18_Pic_799.jpg,0.73,0.020487627014517784,Charrito_Log18_Pic_799.jpg
799,Charrito_Log18_Pic_800.jpg,0.73,0.04268193617463112,Charrito_Log18_Pic_800.jpg
800,Charrito_Log18_Pic_801.jpg,0.73,0.06099472567439079,Charrito_Log18_Pic_801.jpg
801,Charrito_Log18_Pic_802.jpg,0.74,0.08402173221111298,Charrito_Log18_Pic_802.jpg
802,Charrito_Log18_Pic_803.jpg,0.74,0.0601043663918972,Charrito_Log18_Pic_803.jpg
803,Charrito_Log18_Pic_804.jpg,0.73,0.026716766878962517,Charrito_Log18_Pic_804.jpg
804,Charrito_Log18_Pic_805.jpg,0.73,0.013396115973591805,Charrito_Log18_Pic_805.jpg
805,Charrito_Log18_Pic_806.jpg,0.74,0.005401598289608955,Charrito_Log18_Pic_806.jpg
806,Charrito_Log18_Pic_807.jpg,0.74,0.02731110155582428,Charrito_Log18_Pic_807.jpg
807,Charrito_Log18_Pic_808.jpg,0.75,-0.03994278237223625,Charrito_Log18_Pic_808.jpg
